predictor,x,y
available_water_storage,69.12700271606445,0.0130682010203599
available_water_storage,69.49019470214844,0.0130682010203599
available_water_storage,69.85338668823242,0.0130682010203599
available_water_storage,70.21657867431641,0.0130682010203599
available_water_storage,70.57977066040038,0.0130682010203599
available_water_storage,70.94296264648438,0.0130682010203599
available_water_storage,71.30615463256837,0.0130682010203599
available_water_storage,71.66934661865234,0.0130682010203599
available_water_storage,72.03253860473633,0.0130682010203599
available_water_storage,72.3957305908203,0.0130682010203599
available_water_storage,72.7589225769043,0.0130682010203599
available_water_storage,73.12211456298829,0.0130682010203599
available_water_storage,73.48530654907226,0.0130682010203599
available_water_storage,73.84849853515625,0.0130682010203599
available_water_storage,74.21169052124023,0.0130682010203599
available_water_storage,74.57488250732422,0.0130682010203599
available_water_storage,74.93807449340821,0.0130682010203599
available_water_storage,75.30126647949218,0.0130682010203599
available_water_storage,75.66445846557617,0.0130682010203599
available_water_storage,76.02765045166015,0.0130682010203599
available_water_storage,76.39084243774414,0.0130682010203599
available_water_storage,76.75403442382813,0.0130682010203599
available_water_storage,77.1172264099121,0.0130682010203599
available_water_storage,77.4804183959961,0.0130682010203599
available_water_storage,77.84361038208007,0.0130682010203599
available_water_storage,78.20680236816406,0.0130682010203599
available_water_storage,78.56999435424805,0.0130682010203599
available_water_storage,78.93318634033203,0.0130682010203599
available_water_storage,79.29637832641602,0.0130682010203599
available_water_storage,79.6595703125,0.0130682010203599
available_water_storage,80.02276229858398,0.0130682010203599
available_water_storage,80.38595428466797,0.0130682010203599
available_water_storage,80.74914627075195,0.0130682010203599
available_water_storage,81.11233825683594,0.0130682010203599
available_water_storage,81.47553024291992,0.0130682010203599
available_water_storage,81.8387222290039,0.0130682010203599
available_water_storage,82.2019142150879,0.0130682010203599
available_water_storage,82.56510620117187,0.0130682010203599
available_water_storage,82.92829818725586,0.0130682010203599
available_water_storage,83.29149017333984,0.0130682010203599
available_water_storage,83.65468215942383,0.0130682010203599
available_water_storage,84.01787414550782,0.0130682010203599
available_water_storage,84.3810661315918,0.0131070427596569
available_water_storage,84.74425811767578,0.0132245887070894
available_water_storage,85.10745010375976,0.0133436843752861
available_water_storage,85.47064208984375,0.0134643474593758
available_water_storage,85.83383407592774,0.0135866031050682
available_water_storage,86.19702606201172,0.0137104773893952
available_water_storage,86.5602180480957,0.013835989870131
available_water_storage,86.92341003417968,0.013963165692985
available_water_storage,87.28660202026367,0.0140920327976346
available_water_storage,87.64979400634766,0.0142226116731762
available_water_storage,88.01298599243164,0.0143549293279647
available_water_storage,88.37617797851563,0.0144890109077095
available_water_storage,88.7393699645996,0.0146248871460556
available_water_storage,89.1025619506836,0.0147625785320997
available_water_storage,89.46575393676758,0.0149021139368414
available_water_storage,89.82894592285156,0.0150435240939259
available_water_storage,90.19213790893556,0.0151868322864174
available_water_storage,90.55532989501953,0.015332069247961
available_water_storage,90.91852188110352,0.0154792638495564
available_water_storage,91.2817138671875,0.0156284496188163
available_water_storage,91.64490585327148,0.01577964797616
available_water_storage,92.00809783935549,0.0159328933805227
available_water_storage,92.37128982543943,0.0160882212221622
available_water_storage,92.73448181152344,0.0162456557154655
available_water_storage,93.09767379760744,0.0164052303880453
available_water_storage,93.4608657836914,0.0165669843554496
available_water_storage,93.8240577697754,0.0167309418320655
available_water_storage,94.18724975585936,0.016897140070796
available_water_storage,94.55044174194336,0.0170656181871891
available_water_storage,94.91363372802736,0.0172364022582769
available_water_storage,95.27682571411133,0.0174095313996076
available_water_storage,95.64001770019532,0.017585041001439
available_water_storage,96.00320968627928,0.0177629720419645
available_water_storage,96.36640167236328,0.0179433543235063
available_water_storage,96.72959365844729,0.018126230686903
available_water_storage,97.09278564453123,0.0183116402477026
available_water_storage,97.45597763061524,0.0184996165335178
available_water_storage,97.8191696166992,0.0186902042478323
available_water_storage,98.1823616027832,0.0188834406435489
available_water_storage,98.5455535888672,0.0190793741494417
available_water_storage,98.90874557495115,0.019278036430478
available_water_storage,99.27193756103516,0.0194794740527868
available_water_storage,99.63512954711912,0.0196837354451417
available_water_storage,99.99832153320312,0.0198908559978008
available_water_storage,100.36151351928712,0.0201008841395378
available_water_storage,100.72470550537108,0.0203138701617717
available_water_storage,101.08789749145508,0.0205298513174057
available_water_storage,101.45108947753906,0.0207488797605037
available_water_storage,101.81428146362305,0.0209710095077753
available_water_storage,102.17747344970704,0.0211962759494781
available_water_storage,102.540665435791,0.0214247349649667
available_water_storage,102.903857421875,0.0216564387083053
available_water_storage,103.26704940795898,0.0218914411962032
available_water_storage,103.63024139404295,0.0221297871321439
available_water_storage,103.99343338012696,0.022371532395482
available_water_storage,104.35662536621092,0.0226167365908622
available_water_storage,104.71981735229492,0.0228654444217681
available_water_storage,105.0830093383789,0.0231177173554897
available_water_storage,105.44620132446288,0.0233736112713813
available_water_storage,105.80939331054688,0.0236331913620233
available_water_storage,106.17258529663086,0.0238965041935443
available_water_storage,106.53577728271485,0.0241636149585247
available_water_storage,106.89896926879882,0.0244345888495445
available_water_storage,107.2621612548828,0.0247094798833131
available_water_storage,107.6253532409668,0.024988355115056
available_water_storage,107.98854522705078,0.0252712834626436
available_water_storage,108.35173721313475,0.0255583189427852
available_water_storage,108.71492919921874,0.0258495341986417
available_water_storage,109.07812118530272,0.0261450037360191
available_water_storage,109.44131317138672,0.0264447834342718
available_water_storage,109.8045051574707,0.0267489477992057
available_water_storage,110.16769714355468,0.0270575676113367
available_water_storage,110.53088912963868,0.0273707248270511
available_water_storage,110.89408111572266,0.0276884790509939
available_water_storage,111.25727310180665,0.0280109103769063
available_water_storage,111.62046508789062,0.0283381026238203
available_water_storage,111.9836570739746,0.0286701191216707
available_water_storage,112.3468490600586,0.0290070455521345
available_water_storage,112.71004104614258,0.029348962008953
available_water_storage,113.07323303222655,0.0296959597617387
available_water_storage,113.43642501831054,0.0300481058657169
available_water_storage,113.79961700439452,0.0304054915904998
available_water_storage,114.16280899047852,0.030768210068345
available_water_storage,114.5260009765625,0.0311363358050584
available_water_storage,114.88919296264648,0.0315099619328975
available_water_storage,115.25238494873048,0.0318891927599906
available_water_storage,115.61557693481446,0.0322741009294986
available_water_storage,115.97876892089845,0.0326647870242595
available_water_storage,116.34196090698242,0.0330613553524017
available_water_storage,116.7051528930664,0.0334638878703117
available_water_storage,117.0683448791504,0.0338724926114082
available_water_storage,117.43153686523438,0.0342872701585292
available_water_storage,117.79472885131835,0.0347083322703838
available_water_storage,118.15792083740234,0.0351357609033584
available_water_storage,118.52111282348632,0.0355696752667427
available_water_storage,118.88430480957032,0.0360101908445358
available_water_storage,119.2474967956543,0.0364573970437049
available_water_storage,119.61068878173828,0.0369114205241203
available_water_storage,119.97388076782228,0.0373723693192005
available_water_storage,120.33707275390626,0.0378403738141059
available_water_storage,120.70026473999025,0.0383155271410942
available_water_storage,121.06345672607422,0.0387979634106159
available_water_storage,121.4266487121582,0.0392878130078315
available_water_storage,121.7898406982422,0.0397851765155792
available_water_storage,122.15303268432618,0.0402901954948902
available_water_storage,122.51622467041015,0.0408030040562152
available_water_storage,122.87941665649414,0.0413237139582634
available_water_storage,123.24260864257812,0.0418524704873561
available_water_storage,123.60580062866212,0.0423894189298152
available_water_storage,123.9689926147461,0.0429346747696399
available_water_storage,124.33218460083008,0.0434883907437324
available_water_storage,124.69537658691408,0.0440507046878337
available_water_storage,125.05856857299804,0.0446217767894268
available_water_storage,125.42176055908205,0.0452017299830913
available_water_storage,125.78495254516602,0.0457907281816005
available_water_storage,126.14814453125,0.0463889315724372
available_water_storage,126.511336517334,0.0469964779913425
available_water_storage,126.87452850341796,0.0476135350763797
available_water_storage,127.23772048950195,0.0482402630150318
available_water_storage,127.60091247558594,0.0488768368959426
available_water_storage,127.96410446166992,0.049523402005434
available_water_storage,128.3272964477539,0.050180148333311
available_water_storage,128.69048843383788,0.050847228616476
available_water_storage,129.05368041992188,0.0515248253941535
available_water_storage,129.4168724060059,0.052213117480278
available_water_storage,129.78006439208986,0.0529122911393642
available_water_storage,130.14325637817382,0.0536225289106369
available_water_storage,130.5064483642578,0.0543440468609333
available_water_storage,130.8696403503418,0.0550769791007041
available_water_storage,131.2328323364258,0.0558215454220771
available_water_storage,131.59602432250978,0.0565779507160186
available_water_storage,131.95921630859374,0.0573463886976242
available_water_storage,132.32240829467773,0.0581270717084407
available_water_storage,132.68560028076172,0.0589202344417572
available_water_storage,133.0487922668457,0.0597260221838951
available_water_storage,133.4119842529297,0.0605446919798851
available_water_storage,133.77517623901366,0.0613764524459838
available_water_storage,134.13836822509765,0.0622215308248996
available_water_storage,134.50156021118164,0.0630801543593406
available_water_storage,134.86475219726563,0.0639525577425956
available_water_storage,135.22794418334962,0.0648389980196952
available_water_storage,135.59113616943358,0.0657396540045738
available_water_storage,135.95432815551757,0.0666548013687133
available_water_storage,136.31752014160156,0.0675846859812736
available_water_storage,136.68071212768555,0.0685295462608337
available_water_storage,137.04390411376954,0.0694896578788757
available_water_storage,137.4070960998535,0.0704652667045593
available_water_storage,137.7702880859375,0.071456678211689
available_water_storage,138.13348007202148,0.0724640786647796
available_water_storage,138.49667205810547,0.0734877809882164
available_water_storage,138.85986404418946,0.0745280608534812
available_water_storage,139.22305603027343,0.075585201382637
available_water_storage,139.58624801635742,0.0766594856977462
available_water_storage,139.9494400024414,0.0777512043714523
available_water_storage,140.3126319885254,0.0788607001304626
available_water_storage,140.6758239746094,0.0799881815910339
available_water_storage,141.03901596069335,0.0811339989304542
available_water_storage,141.40220794677734,0.0822984501719474
available_water_storage,141.76539993286133,0.0834818705916404
available_water_storage,142.12859191894532,0.0846845582127571
available_water_storage,142.4917839050293,0.0859069004654884
available_water_storage,142.85497589111327,0.0871491283178329
available_water_storage,143.21816787719726,0.0884116142988205
available_water_storage,143.58135986328125,0.0896947085857391
available_water_storage,143.94455184936524,0.0909987464547157
available_water_storage,144.30774383544923,0.0923240929841995
available_water_storage,144.6709358215332,0.0936710909008979
available_water_storage,145.03412780761718,0.0950401648879051
available_water_storage,145.39731979370117,0.0964315608143806
available_water_storage,145.76051177978516,0.0978457182645797
available_water_storage,146.12370376586915,0.0992830023169517
available_water_storage,146.4868957519531,0.1007438078522682
available_water_storage,146.8500877380371,0.1022285223007202
available_water_storage,147.2132797241211,0.1037375926971435
available_water_storage,147.57647171020508,0.1052713021636009
available_water_storage,147.93966369628907,0.1068301200866699
available_water_storage,148.30285568237304,0.1084144562482833
available_water_storage,148.66604766845705,0.1100247204303741
available_water_storage,149.02923965454102,0.1116613522171974
available_water_storage,149.392431640625,0.1133247688412666
available_water_storage,149.755623626709,0.1150154769420623
available_water_storage,150.11881561279296,0.1167337819933891
available_water_storage,150.48200759887695,0.118480198085308
available_water_storage,150.84519958496094,0.1202551797032356
available_water_storage,151.20839157104493,0.1220591813325882
available_water_storage,151.57158355712892,0.1238926723599433
available_water_storage,151.93477554321288,0.1257561147212982
available_water_storage,152.29796752929687,0.1276500821113586
available_water_storage,152.66115951538086,0.1295748800039291
available_water_storage,153.02435150146485,0.1315310895442962
available_water_storage,153.38754348754884,0.1335191875696182
available_water_storage,153.7507354736328,0.1355396956205368
available_water_storage,154.1139274597168,0.1375930905342102
available_water_storage,154.47711944580078,0.1396799236536026
available_water_storage,154.84031143188477,0.1418007612228393
available_water_storage,155.20350341796876,0.1439559757709503
available_water_storage,155.56669540405272,0.1461461633443832
available_water_storage,155.9298873901367,0.1483718752861023
available_water_storage,156.2930793762207,0.1506336480379104
available_water_storage,156.6562713623047,0.1529320180416107
available_water_storage,157.01946334838868,0.1552676260471344
available_water_storage,157.38265533447264,0.1576408445835113
available_water_storage,157.74584732055663,0.1600523442029953
available_water_storage,158.10903930664062,0.162502646446228
available_water_storage,158.47223129272462,0.1649923622608184
available_water_storage,158.8354232788086,0.1675220429897308
available_water_storage,159.19861526489257,0.1700922697782516
available_water_storage,159.56180725097656,0.172703742980957
available_water_storage,159.92499923706055,0.1753568202257156
available_water_storage,160.28819122314454,0.1780522018671035
available_water_storage,160.65138320922853,0.1807904839515686
available_water_storage,161.0145751953125,0.1835722625255584
available_water_storage,161.37776718139648,0.1863981336355209
available_water_storage,161.74095916748047,0.1892688274383545
available_water_storage,162.10415115356446,0.1921847015619278
available_water_storage,162.46734313964845,0.1951464861631393
available_water_storage,162.8305351257324,0.1981547772884369
available_water_storage,163.1937271118164,0.2012102007865905
available_water_storage,163.5569190979004,0.2043133527040481
available_water_storage,163.92011108398438,0.2074648737907409
available_water_storage,164.28330307006837,0.2106654793024063
available_water_storage,164.64649505615233,0.2139155268669128
available_water_storage,165.00968704223632,0.2172157615423202
available_water_storage,165.3728790283203,0.2205667942762375
available_water_storage,165.7360710144043,0.2239692360162735
available_water_storage,166.0992630004883,0.227423682808876
available_water_storage,166.46245498657223,0.230930745601654
available_water_storage,166.82564697265624,0.2344911694526672
available_water_storage,167.18883895874023,0.2381052672863006
available_water_storage,167.55203094482422,0.241773784160614
available_water_storage,167.9152229309082,0.2454972863197326
available_water_storage,168.27841491699218,0.2492763549089431
available_water_storage,168.64160690307617,0.2531116008758545
available_water_storage,169.00479888916016,0.2570035457611084
available_water_storage,169.36799087524415,0.2609529495239258
available_water_storage,169.73118286132814,0.2649599909782409
available_water_storage,170.0943748474121,0.269025444984436
available_water_storage,170.4575668334961,0.2731497883796692
available_water_storage,170.82075881958008,0.2773335576057434
available_water_storage,171.18395080566407,0.2815772294998169
available_water_storage,171.54714279174806,0.2858815491199493
available_water_storage,171.91033477783202,0.2902465760707855
available_water_storage,172.273526763916,0.2946729362010956
available_water_storage,172.63671875,0.2991611361503601
available_water_storage,172.999910736084,0.3037115633487701
available_water_storage,173.36310272216798,0.3083246648311615
available_water_storage,173.72629470825194,0.3130007684230804
available_water_storage,174.08948669433593,0.3177404999732971
available_water_storage,174.45267868041992,0.3225437700748443
available_water_storage,174.8158706665039,0.3274110853672027
available_water_storage,175.1790626525879,0.3323428034782409
available_water_storage,175.54225463867186,0.3373391032218933
available_water_storage,175.90544662475585,0.342400312423706
available_water_storage,176.26863861083984,0.3475267887115478
available_water_storage,176.63183059692383,0.3527182936668396
available_water_storage,176.99502258300782,0.3579752147197723
available_water_storage,177.3582145690918,0.3632976412773132
available_water_storage,177.72140655517578,0.368685632944107
available_water_storage,178.08459854125977,0.3741392195224762
available_water_storage,178.44779052734376,0.379658430814743
available_water_storage,178.81098251342777,0.3852434158325195
available_water_storage,179.1741744995117,0.3908936083316803
available_water_storage,179.5373664855957,0.3966091573238373
available_water_storage,179.9005584716797,0.4023898243904114
available_water_storage,180.26375045776368,0.4082353711128235
available_water_storage,180.62694244384767,0.4141455590724945
available_water_storage,180.99013442993163,0.4201200008392334
available_water_storage,181.3533264160156,0.4261585772037506
available_water_storage,181.7165184020996,0.4322603344917297
available_water_storage,182.0797103881836,0.4384250044822693
available_water_storage,182.4429023742676,0.4446519911289215
available_water_storage,182.80609436035155,0.4509406983852386
available_water_storage,183.16928634643557,0.457290381193161
available_water_storage,183.53247833251956,0.4637003242969513
available_water_storage,183.89567031860352,0.4701699018478393
available_water_storage,184.2588623046875,0.4766976833343506
available_water_storage,184.62205429077147,0.4832829535007477
available_water_storage,184.98524627685543,0.489924669265747
available_water_storage,185.34843826293945,0.4966216385364532
available_water_storage,185.71163024902344,0.5033727288246155
available_water_storage,186.07482223510743,0.5101768374443054
available_water_storage,186.4380142211914,0.5170320272445679
available_water_storage,186.80120620727536,0.5239371657371521
available_water_storage,187.16439819335935,0.530890703201294
available_water_storage,187.52759017944337,0.5378909111022949
available_water_storage,187.89078216552736,0.5449361205101013
available_water_storage,188.2539741516113,0.5520244836807251
available_water_storage,188.6171661376953,0.5591543912887573
available_water_storage,188.9803581237793,0.5663232207298279
available_water_storage,189.3435501098633,0.5735291838645935
available_water_storage,189.70674209594728,0.5807701349258423
available_water_storage,190.06993408203124,0.5880436301231384
available_water_storage,190.43312606811523,0.5953474044799805
available_water_storage,190.7963180541992,0.6026792526245117
available_water_storage,191.1595100402832,0.6100359559059143
available_water_storage,191.5227020263672,0.6174150705337524
available_water_storage,191.8858940124512,0.6248139142990112
available_water_storage,192.24908599853515,0.6322295665740967
available_water_storage,192.61227798461917,0.63965904712677
available_water_storage,192.97546997070316,0.6470992565155029
available_water_storage,193.33866195678712,0.6545474529266357
available_water_storage,193.70185394287108,0.6619995832443237
available_water_storage,194.06504592895507,0.6694527864456177
available_water_storage,194.42823791503903,0.676903486251831
available_water_storage,194.79142990112305,0.6843482851982117
available_water_storage,195.15462188720704,0.6917834877967834
available_water_storage,195.517813873291,0.6992054581642151
available_water_storage,195.881005859375,0.7066107988357544
available_water_storage,196.24419784545896,0.7139949202537537
available_water_storage,196.60738983154295,0.7213543653488159
available_water_storage,196.97058181762696,0.728685200214386
available_water_storage,197.33377380371093,0.7359832525253296
available_water_storage,197.6969657897949,0.7432446479797363
available_water_storage,198.0601577758789,0.7504651546478271
available_water_storage,198.4233497619629,0.7576409578323364
available_water_storage,198.7865417480469,0.7647672295570374
available_water_storage,199.14973373413085,0.7718402147293091
available_water_storage,199.51292572021484,0.778855562210083
available_water_storage,199.87611770629883,0.7858090996742249
available_water_storage,200.2393096923828,0.7926965355873108
available_water_storage,200.6025016784668,0.7995140552520752
available_water_storage,200.9656936645508,0.8062568306922913
available_water_storage,201.3288856506348,0.8129209280014038
available_water_storage,201.69207763671875,0.8195022940635681
available_water_storage,202.05526962280277,0.8259968161582947
available_water_storage,202.41846160888676,0.8324004411697388
available_water_storage,202.7816535949707,0.83870929479599
available_water_storage,203.14484558105468,0.8449196815490723
available_water_storage,203.50803756713867,0.8510273694992065
available_water_storage,203.87122955322263,0.8570288419723511
available_water_storage,204.23442153930665,0.8629207015037537
available_water_storage,204.5976135253906,0.8686993718147278
available_water_storage,204.9608055114746,0.8743616938591003
available_water_storage,205.3239974975586,0.8799046277999878
available_water_storage,205.68718948364256,0.8853247761726379
available_water_storage,206.05038146972657,0.8906195759773254
available_water_storage,206.4135734558105,0.8957864046096802
available_water_storage,206.77676544189453,0.9008228182792664
available_water_storage,207.1399574279785,0.9057265520095824
available_water_storage,207.5031494140625,0.9104956984519958
available_water_storage,207.8663414001465,0.9151285886764526
available_water_storage,208.2295333862305,0.9196232557296752
available_water_storage,208.59272537231445,0.9239785671234132
available_water_storage,208.95591735839844,0.9281935095787048
available_water_storage,209.31910934448243,0.9322672486305236
available_water_storage,209.6823013305664,0.936199188232422
available_water_storage,210.0454933166504,0.9399890303611756
available_water_storage,210.4086853027344,0.9436368942260742
available_water_storage,210.7718772888184,0.9471426606178284
available_water_storage,211.13506927490235,0.9505070447921752
available_water_storage,211.49826126098637,0.9537307620048524
available_water_storage,211.8614532470703,0.9568148255348206
available_water_storage,212.2246452331543,0.95976060628891
available_water_storage,212.58783721923828,0.9625695943832396
available_water_storage,212.95102920532227,0.9652436971664428
available_water_storage,213.31422119140623,0.9677847623825072
available_water_storage,213.67741317749025,0.970195174217224
available_water_storage,214.0406051635742,0.9724774956703186
available_water_storage,214.4037971496582,0.9746344089508056
available_water_storage,214.7669891357422,0.9766689538955688
available_water_storage,215.13018112182615,0.9785842299461364
available_water_storage,215.49337310791012,0.9803834557533264
available_water_storage,215.8565650939941,0.9820702075958252
available_water_storage,216.21975708007807,0.9836481809616088
available_water_storage,216.5829490661621,0.9851210117340088
available_water_storage,216.9461410522461,0.9864926934242249
available_water_storage,217.30933303833007,0.987767219543457
available_water_storage,217.67252502441409,0.9889485836029052
available_water_storage,218.03571701049805,0.990040957927704
available_water_storage,218.39890899658204,0.9910485148429872
available_water_storage,218.76210098266603,0.9919754266738892
available_water_storage,219.12529296875,0.9928258657455444
available_water_storage,219.488484954834,0.993604063987732
available_water_storage,219.851676940918,0.9943142533302308
available_water_storage,220.214868927002,0.994960367679596
available_water_storage,220.57806091308595,0.9955465197563172
available_water_storage,220.9412528991699,0.9960766434669496
available_water_storage,221.3044448852539,0.996554672718048
available_water_storage,221.6676368713379,0.9969843029975892
available_water_storage,222.03082885742188,0.9973692297935486
available_water_storage,222.39402084350587,0.9977129101753236
available_water_storage,222.75721282958983,0.9980186820030212
available_water_storage,223.12040481567385,0.9982897639274596
available_water_storage,223.4835968017578,0.998529314994812
available_water_storage,223.8467887878418,0.9987400770187378
available_water_storage,224.2099807739258,0.9989249110221864
available_water_storage,224.57317276000973,0.999086320400238
available_water_storage,224.93636474609372,0.999226689338684
available_water_storage,225.2995567321777,0.999348282814026
available_water_storage,225.66274871826167,0.9994531273841858
available_water_storage,226.0259407043457,0.9995431900024414
available_water_storage,226.38913269042968,0.9996201395988464
available_water_storage,226.75232467651367,0.9996856451034546
available_water_storage,227.11551666259768,0.9997410774230956
available_water_storage,227.47870864868165,0.9997878074645996
available_water_storage,227.84190063476564,0.9998270273208618
available_water_storage,228.2050926208496,0.9998596906661988
available_water_storage,228.5682846069336,0.9998868703842164
available_water_storage,228.9314765930176,0.9999092221260072
available_water_storage,229.2946685791016,0.999927580356598
available_water_storage,229.6578605651856,0.9999426007270812
available_water_storage,230.02105255126952,0.9999547600746156
available_water_storage,230.3842445373535,0.9999645352363586
available_water_storage,230.7474365234375,0.999972403049469
available_water_storage,231.1106285095215,0.9999786615371704
available_water_storage,231.47382049560548,0.9999836087226868
available_water_storage,231.83701248168944,0.9999874830245972
available_water_storage,232.20020446777343,0.9999905228614808
available_water_storage,232.56339645385745,0.9999929070472716
available_water_storage,232.9265884399414,0.999994695186615
available_water_storage,233.2897804260254,0.9999960660934448
available_water_storage,233.65297241210936,0.9999971389770508
available_water_storage,234.01616439819333,0.9999979138374328
available_water_storage,234.37935638427732,0.9999984502792358
available_water_storage,234.74254837036133,0.999998927116394
available_water_storage,235.10574035644527,0.999999225139618
available_water_storage,235.46893234252929,0.999999463558197
available_water_storage,235.83212432861328,0.9999995231628418
available_water_storage,236.1953163146973,0.9999995231628418
available_water_storage,236.55850830078128,0.9999995231628418
available_water_storage,236.92170028686525,0.9999995231628418
available_water_storage,237.2848922729492,0.9999995231628418
available_water_storage,237.6480842590332,0.9999995231628418
available_water_storage,238.0112762451172,0.9999995231628418
available_water_storage,238.3744682312012,0.9999995231628418
available_water_storage,238.7376602172852,0.9999995231628418
available_water_storage,239.10085220336916,0.9999995231628418
available_water_storage,239.46404418945312,0.9999995231628418
available_water_storage,239.8272361755371,0.9999995231628418
available_water_storage,240.1904281616211,0.9999995231628418
available_water_storage,240.5536201477051,0.9999995231628418
available_water_storage,240.91681213378905,0.9999995231628418
available_water_storage,241.28000411987304,0.9999995231628418
available_water_storage,241.64319610595703,0.9999995231628418
available_water_storage,242.00638809204105,0.9999995231628418
available_water_storage,242.369580078125,0.9999995231628418
available_water_storage,242.73277206420897,0.9999995231628418
available_water_storage,243.09596405029296,0.9999995231628418
available_water_storage,243.45915603637692,0.9999995231628418
available_water_storage,243.82234802246091,0.9999995231628418
available_water_storage,244.18554000854493,0.9999995231628418
available_water_storage,244.5487319946289,0.9999995231628418
available_water_storage,244.91192398071288,0.9999995231628418
available_water_storage,245.27511596679688,0.9999995231628418
available_water_storage,245.6383079528809,0.9999995231628418
available_water_storage,246.00149993896488,0.9999995231628418
available_water_storage,246.3646919250488,0.9999995231628418
available_water_storage,246.7278839111328,0.9999995231628418
available_water_storage,247.0910758972168,0.9999995231628418
available_water_storage,247.4542678833008,0.9999995231628418
available_water_storage,247.8174598693848,0.9999995231628418
available_water_storage,248.18065185546877,0.9999995231628418
available_water_storage,248.54384384155276,0.9999995231628418
available_water_storage,248.90703582763672,0.9999995231628418
available_water_storage,249.2702278137207,0.9999995231628418
available_water_storage,249.6334197998047,0.9999995231628418
available_water_storage,249.99661178588863,0.9999995231628418
available_water_storage,250.35980377197265,0.9999995231628418
available_water_storage,250.72299575805664,0.9999995231628418
curvature,-11.80804147720337,0.1097010821104049
curvature,-11.75612895050049,0.1097010821104049
curvature,-11.704216423797607,0.1097010821104049
curvature,-11.652303897094727,0.1097010821104049
curvature,-11.600391370391844,0.1097010821104049
curvature,-11.548478843688963,0.1097010821104049
curvature,-11.496566316986083,0.1097010821104049
curvature,-11.444653790283205,0.1097010821104049
curvature,-11.392741263580325,0.1097010821104049
curvature,-11.34082873687744,0.1097010821104049
curvature,-11.28891621017456,0.1097010821104049
curvature,-11.23700368347168,0.1097010821104049
curvature,-11.1850911567688,0.1097010821104049
curvature,-11.13317863006592,0.1097010821104049
curvature,-11.081266103363038,0.1097010821104049
curvature,-11.029353576660156,0.1097010821104049
curvature,-10.977441049957276,0.1097010821104049
curvature,-10.925528523254394,0.1097010821104049
curvature,-10.873615996551514,0.1097010821104049
curvature,-10.821703469848632,0.1097010821104049
curvature,-10.769790943145752,0.1097010821104049
curvature,-10.717878416442872,0.1097010821104049
curvature,-10.66596588973999,0.1097010821104049
curvature,-10.61405336303711,0.1097010821104049
curvature,-10.56214083633423,0.1097010821104049
curvature,-10.510228309631348,0.1097010821104049
curvature,-10.458315782928468,0.1097010821104049
curvature,-10.406403256225586,0.1097010821104049
curvature,-10.354490729522706,0.1097010821104049
curvature,-10.302578202819824,0.1097010821104049
curvature,-10.250665676116943,0.1097010821104049
curvature,-10.198753149414063,0.1097010821104049
curvature,-10.14684062271118,0.1097010821104049
curvature,-10.0949280960083,0.1097010821104049
curvature,-10.04301556930542,0.1097010821104049
curvature,-9.99110304260254,0.1097010821104049
curvature,-9.93919051589966,0.1097010821104049
curvature,-9.887277989196775,0.1097010821104049
curvature,-9.835365462493897,0.1097010821104049
curvature,-9.783452935791017,0.1097010821104049
curvature,-9.731540409088137,0.1097010821104049
curvature,-9.679627882385256,0.1097010821104049
curvature,-9.627715355682373,0.1106864809989929
curvature,-9.575802828979493,0.1136816442012786
curvature,-9.523890302276612,0.1167356073856353
curvature,-9.47197777557373,0.119848720729351
curvature,-9.42006524887085,0.1230213418602943
curvature,-9.368152722167968,0.1262536495923996
curvature,-9.316240195465088,0.1295459419488906
curvature,-9.264327668762206,0.1328984349966049
curvature,-9.212415142059326,0.1363113671541214
curvature,-9.160502615356446,0.1397847831249237
curvature,-9.108590088653564,0.1433188468217849
curvature,-9.056677561950684,0.1469136476516723
curvature,-9.004765035247804,0.1505691856145858
curvature,-8.952852508544922,0.154285579919815
curvature,-8.900939981842042,0.1580626219511032
curvature,-8.84902745513916,0.1619003117084503
curvature,-8.79711492843628,0.1657985299825668
curvature,-8.7452024017334,0.1697571873664856
curvature,-8.693289875030517,0.1737759411334991
curvature,-8.641377348327637,0.1778545975685119
curvature,-8.589464821624755,0.1819928735494613
curvature,-8.537552294921875,0.1861905306577682
curvature,-8.485639768218995,0.1904470026493072
curvature,-8.433727241516113,0.1947619616985321
curvature,-8.381814714813233,0.1991349309682846
curvature,-8.329902188110351,0.2035653889179229
curvature,-8.27798966140747,0.208052858710289
curvature,-8.22607713470459,0.2125965505838394
curvature,-8.174164608001709,0.2171958982944488
curvature,-8.122252081298829,0.22185018658638
curvature,-8.070339554595947,0.2265587747097015
curvature,-8.018427027893066,0.2313206493854522
curvature,-7.966514501190186,0.2361350953578949
curvature,-7.914601974487304,0.2410012185573578
curvature,-7.862689447784424,0.2459180057048797
curvature,-7.810776921081543,0.2508845627307892
curvature,-7.758864394378662,0.2558997869491577
curvature,-7.706951867675781,0.2609626054763794
curvature,-7.655039340972901,0.2660719454288482
curvature,-7.60312681427002,0.2712265849113464
curvature,-7.551214287567139,0.2764253318309784
curvature,-7.499301760864258,0.2816669344902038
curvature,-7.447389234161377,0.2869501113891601
curvature,-7.395476707458497,0.292273461818695
curvature,-7.343564180755616,0.2976356744766235
curvature,-7.2916516540527345,0.3030352890491485
curvature,-7.239739127349853,0.3084709048271179
curvature,-7.187826600646972,0.3139409720897674
curvature,-7.135914073944092,0.3194440007209778
curvature,-7.084001547241211,0.3249784111976623
curvature,-7.03208902053833,0.3305425643920898
curvature,-6.980176493835449,0.3361349701881408
curvature,-6.928263967132568,0.3417538404464721
curvature,-6.876351440429688,0.3473975956439972
curvature,-6.824438913726807,0.3530644476413727
curvature,-6.772526387023927,0.3587527275085449
curvature,-6.720613860321045,0.3644606173038482
curvature,-6.668701333618164,0.3701863884925842
curvature,-6.616788806915284,0.3759282231330871
curvature,-6.5648762802124025,0.3816843628883362
curvature,-6.512963753509522,0.3874528706073761
curvature,-6.4610512268066405,0.393231987953186
curvature,-6.409138700103759,0.3990198969841003
curvature,-6.357226173400879,0.4048146605491638
curvature,-6.305313646697998,0.4106144905090332
curvature,-6.253401119995118,0.4164173901081085
curvature,-6.201488593292236,0.4222216308116913
curvature,-6.149576066589355,0.4280252158641815
curvature,-6.097663539886475,0.4338263869285583
curvature,-6.045751013183594,0.4396231472492218
curvature,-5.993838486480714,0.445413738489151
curvature,-5.941925959777832,0.4511962234973907
curvature,-5.890013433074951,0.4569688141345978
curvature,-5.838100906372071,0.4627295732498169
curvature,-5.7861883796691895,0.4684767425060272
curvature,-5.734275852966309,0.4742085635662079
curvature,-5.682363326263428,0.4799231588840484
curvature,-5.630450799560546,0.4856187999248504
curvature,-5.578538272857666,0.4912936687469482
curvature,-5.526625746154785,0.4969461262226105
curvature,-5.474713219451905,0.5025743246078491
curvature,-5.422800692749024,0.5081767439842224
curvature,-5.370888166046142,0.5137516260147095
curvature,-5.318975639343262,0.5192974209785461
curvature,-5.267063112640381,0.5248124003410339
curvature,-5.215150585937501,0.5302951335906982
curvature,-5.16323805923462,0.5357439517974854
curvature,-5.111325532531738,0.5411574244499207
curvature,-5.059413005828858,0.5465341806411743
curvature,-5.0075004791259765,0.5518726706504822
curvature,-4.955587952423096,0.5571715831756592
curvature,-4.903675425720215,0.5624294281005859
curvature,-4.851762899017333,0.5676450729370117
curvature,-4.799850372314453,0.5728171467781067
curvature,-4.747937845611572,0.5779444575309753
curvature,-4.696025318908692,0.5830257534980774
curvature,-4.644112792205811,0.5880599617958069
curvature,-4.59220026550293,0.5930458903312683
curvature,-4.540287738800049,0.5979825258255005
curvature,-4.488375212097168,0.602868914604187
curvature,-4.436462685394288,0.6077039241790771
curvature,-4.384550158691407,0.6124867796897888
curvature,-4.332637631988526,0.6172165274620056
curvature,-4.2807251052856445,0.6218923330307007
curvature,-4.228812578582764,0.6265133023262024
curvature,-4.176900051879883,0.631078839302063
curvature,-4.124987525177002,0.6355881094932556
curvature,-4.073074998474121,0.6400405168533325
curvature,-4.02116247177124,0.6444352865219116
curvature,-3.969249945068359,0.6487720012664795
curvature,-3.917337418365479,0.6530500650405884
curvature,-3.865424891662598,0.6572688817977905
curvature,-3.813512364959717,0.6614281535148621
curvature,-3.7615998382568367,0.6655272841453552
curvature,-3.709687311553955,0.6695659756660461
curvature,-3.657774784851074,0.6735438704490662
curvature,-3.6058622581481927,0.6774606704711914
curvature,-3.553949731445313,0.6813160181045532
curvature,-3.5020372047424324,0.6851097941398621
curvature,-3.4501246780395505,0.688841700553894
curvature,-3.3982121513366703,0.6925116777420044
curvature,-3.3462996246337884,0.696119487285614
curvature,-3.294387097930908,0.6996650099754333
curvature,-3.242474571228028,0.7031483054161072
curvature,-3.190562044525146,0.7065691947937012
curvature,-3.138649517822266,0.7099277377128601
curvature,-3.086736991119384,0.7132238745689392
curvature,-3.034824464416504,0.716457724571228
curvature,-2.982911937713624,0.7196293473243713
curvature,-2.930999411010742,0.7227387428283691
curvature,-2.8790868843078616,0.7257860898971558
curvature,-2.82717435760498,0.7287715673446655
curvature,-2.7752618309020995,0.7316952347755432
curvature,-2.7233493041992194,0.7345573306083679
curvature,-2.671436777496337,0.7373579740524292
curvature,-2.6195242507934573,0.7400974631309509
curvature,-2.567611724090576,0.7427759766578674
curvature,-2.515699197387695,0.7453938126564026
curvature,-2.463786670684815,0.7479511499404907
curvature,-2.411874143981933,0.7504482865333557
curvature,-2.359961617279053,0.7528855204582214
curvature,-2.308049090576171,0.755263090133667
curvature,-2.256136563873291,0.757581353187561
curvature,-2.2042240371704107,0.7598405480384827
curvature,-2.1523115104675288,0.7620410919189453
curvature,-2.1003989837646486,0.7641832232475281
curvature,-2.0484864570617667,0.7662673592567444
curvature,-1.9965739303588883,0.7682937383651733
curvature,-1.9446614036560064,0.7702627182006836
curvature,-1.8927488769531244,0.7721746563911438
curvature,-1.8408363502502445,0.7740299105644226
curvature,-1.7889238235473623,0.7758287787437439
curvature,-1.737011296844484,0.7775716185569763
curvature,-1.685098770141602,0.7792587876319885
curvature,-1.63318624343872,0.7808906435966492
curvature,-1.58127371673584,0.7824674844741821
curvature,-1.529361190032958,0.783989667892456
curvature,-1.4774486633300796,0.7854574918746948
curvature,-1.4255361366271977,0.7868713140487671
curvature,-1.3736236099243158,0.7882314324378967
curvature,-1.3217110832214356,0.7895381450653076
curvature,-1.2697985565185537,0.7907918095588684
curvature,-1.2178860298156753,0.791992723941803
curvature,-1.1659735031127934,0.7931411266326904
curvature,-1.1140609764099114,0.7942373752593994
curvature,-1.0621484497070313,0.7952816486358643
curvature,-1.010235923004149,0.7962743639945984
curvature,-0.958323396301271,0.7972155809402466
curvature,-0.906410869598389,0.7981057167053223
curvature,-0.8544983428955071,0.7989449501037598
curvature,-0.8025858161926269,0.7997334599494934
curvature,-0.750673289489745,0.8004715442657471
curvature,-0.6987607627868666,0.8011593222618103
curvature,-0.6468482360839847,0.8017970323562622
curvature,-0.5949357093811027,0.8023848533630371
curvature,-0.5430231826782226,0.8029229640960693
curvature,-0.4911106559753406,0.8034114241600037
curvature,-0.4391981292724622,0.803850531578064
curvature,-0.3872856025695803,0.8042402267456055
curvature,-0.3353730758666984,0.8045807480812073
curvature,-0.2834605491638182,0.8048722147941589
curvature,-0.2315480224609363,0.8051146268844604
curvature,-0.1796354957580579,0.8053080439567566
curvature,-0.127722969055176,0.8054525852203369
curvature,-0.075810442352294,0.8055483102798462
curvature,-0.0238979156494139,0.8055951595306396
curvature,0.028014611053468,0.8055932521820068
curvature,0.0799271377563464,0.805542528629303
curvature,0.1318396644592283,0.8054429292678833
curvature,0.1837521911621085,0.8052945137023926
curvature,0.2356647178649904,0.8050971627235413
curvature,0.2875772445678723,0.8048508763313293
curvature,0.3394897712707507,0.8045555353164673
curvature,0.3914022979736327,0.8042111396789551
curvature,0.4433148246765128,0.8038175106048584
curvature,0.4952273513793948,0.8033745288848877
curvature,0.5471398780822767,0.8028820753097534
curvature,0.5990524047851551,0.8023400902748108
curvature,0.650964931488037,0.8017483353614807
curvature,0.7028774581909172,0.8011066317558289
curvature,0.7547899848937991,0.8004148602485657
curvature,0.806702511596681,0.7996727824211121
curvature,0.8586150382995594,0.7988802790641785
curvature,0.9105275650024414,0.7980369925498962
curvature,0.9624400917053216,0.7971428632736206
curvature,1.0143526184082037,0.7961974740028381
curvature,1.0662651451110854,0.795200765132904
curvature,1.1181776718139638,0.7941523194313049
curvature,1.1700901985168457,0.7930519580841064
curvature,1.222002725219726,0.7918993830680847
curvature,1.2739152519226078,0.7906943559646606
curvature,1.3258277786254895,0.7894364595413208
curvature,1.377740305328368,0.7881255149841309
curvature,1.42965283203125,0.7867611646652222
curvature,1.4815653587341302,0.7853430509567261
curvature,1.533477885437012,0.7838709354400635
curvature,1.585390412139894,0.7823444604873657
curvature,1.6373029388427724,0.7807632684707642
curvature,1.6892154655456544,0.7791270613670349
curvature,1.7411279922485343,0.7774354815483093
curvature,1.7930405189514165,0.7756881713867188
curvature,1.8449530456542984,0.7738848328590393
curvature,1.8968655723571768,0.7720251083374023
curvature,1.9487780990600587,0.7701086401939392
curvature,2.000690625762939,0.768135130405426
curvature,2.052603152465821,0.7661041617393494
curvature,2.1045156791687027,0.7640154957771301
curvature,2.156428205871581,0.7618687152862549
curvature,2.208340732574463,0.7596635818481445
curvature,2.260253259277343,0.7573996782302856
curvature,2.312165785980225,0.7550767064094543
curvature,2.364078312683107,0.7526944279670715
curvature,2.415990839385985,0.7502524256706238
curvature,2.4679033660888674,0.7477505207061768
curvature,2.519815892791748,0.7451884150505066
curvature,2.571728419494629,0.7425658106803894
curvature,2.6236409461975096,0.7398824691772461
curvature,2.67555347290039,0.7371380925178528
curvature,2.727465999603272,0.7343325614929199
curvature,2.779378526306152,0.7314656376838684
curvature,2.831291053009034,0.7285370826721191
curvature,2.883203579711914,0.7255467176437378
curvature,2.935116106414794,0.7224944233894348
curvature,2.987028633117676,0.7193800806999207
curvature,3.038941159820556,0.7162035703659058
curvature,3.090853686523438,0.7129647731781006
curvature,3.1427662132263183,0.7096636295318604
curvature,3.1946787399291985,0.7063001990318298
curvature,3.2465912666320804,0.7028743624687195
curvature,3.298503793334961,0.6993861198425293
curvature,3.3504163200378425,0.6958356499671936
curvature,3.4023288467407227,0.6922228932380676
curvature,3.454241373443603,0.6885480284690857
curvature,3.5061539001464848,0.6848111748695374
curvature,3.558066426849365,0.6810125708580017
curvature,3.609978953552247,0.6771522760391235
curvature,3.661891480255127,0.6732306480407715
curvature,3.713804006958007,0.6692479252815247
curvature,3.765716533660889,0.6652044057846069
curvature,3.817629060363769,0.6611005067825317
curvature,3.869541587066651,0.656936526298523
curvature,3.9214541137695313,0.6527129411697388
curvature,3.973366640472412,0.6484302282333374
curvature,4.025279167175293,0.6440889239311218
curvature,4.077191693878174,0.6396895051002502
curvature,4.129104220581056,0.6352326273918152
curvature,4.181016747283936,0.6307188272476196
curvature,4.232929273986814,0.6261488795280457
curvature,4.284841800689696,0.6215234994888306
curvature,4.336754327392578,0.6168434023857117
curvature,4.38866685409546,0.6121094822883606
curvature,4.440579380798342,0.6073224544525146
curvature,4.49249190750122,0.6024832725524902
curvature,4.544404434204102,0.5975928902626038
curvature,4.596316960906984,0.5926522612571716
curvature,4.648229487609862,0.5876624584197998
curvature,4.700142014312744,0.5826244950294495
curvature,4.752054541015626,0.5775395035743713
curvature,4.803967067718505,0.5724086165428162
curvature,4.85587959442139,0.5672330260276794
curvature,4.9077921211242685,0.5620140433311462
curvature,4.959704647827147,0.5567528009414673
curvature,5.011617174530029,0.5514507293701172
curvature,5.063529701232911,0.5461091995239258
curvature,5.115442227935793,0.5407294631004333
curvature,5.167354754638671,0.5353131294250488
curvature,5.219267281341553,0.5298615097999573
curvature,5.271179808044435,0.5243762135505676
curvature,5.323092334747313,0.5188586711883545
curvature,5.375004861450199,0.5133106112480164
curvature,5.426917388153077,0.5077334642410278
curvature,5.478829914855956,0.5021289587020874
curvature,5.5307424415588375,0.496498703956604
curvature,5.58265496826172,0.4908444583415985
curvature,5.634567494964601,0.4851678907871246
curvature,5.68648002166748,0.4794706702232361
curvature,5.738392548370362,0.4737546741962433
curvature,5.790305075073244,0.4680215418338775
curvature,5.842217601776122,0.4622732400894165
curvature,5.894130128479004,0.4565114080905914
curvature,5.946042655181886,0.4507380127906799
curvature,5.997955181884764,0.4449547827243805
curvature,6.049867708587646,0.4391636848449707
curvature,6.101780235290528,0.433366447687149
curvature,6.15369276199341,0.4275650680065155
curvature,6.2056052886962885,0.4217613339424133
curvature,6.25751781539917,0.4159571528434753
curvature,6.309430342102052,0.4101544320583343
curvature,6.361342868804931,0.4043549299240112
curvature,6.413255395507813,0.3985606729984283
curvature,6.465167922210695,0.3927733600139618
curvature,6.517080448913573,0.3869950175285339
curvature,6.568992975616455,0.3812273740768432
curvature,6.620905502319337,0.3754723668098449
curvature,6.672818029022219,0.3697316944599151
curvature,6.724730555725097,0.364007294178009
curvature,6.776643082427979,0.3583008646965027
curvature,6.828555609130861,0.3526142835617065
curvature,6.880468135833739,0.3469491600990295
curvature,6.932380662536621,0.3413073718547821
curvature,6.984293189239503,0.3356905281543731
curvature,7.036205715942382,0.3301002979278564
curvature,7.088118242645264,0.3245384395122528
curvature,7.1400307693481455,0.3190064132213592
curvature,7.1919432960510274,0.3135059773921966
curvature,7.243855822753906,0.3080385625362396
curvature,7.295768349456788,0.3026057779788971
curvature,7.34768087615967,0.2972090542316437
curvature,7.399593402862548,0.2918498814105987
curvature,7.45150592956543,0.2865296304225921
curvature,7.503418456268312,0.2812497317790985
curvature,7.55533098297119,0.2760115265846252
curvature,7.607243509674072,0.2708162069320678
curvature,7.659156036376954,0.2656651139259338
curvature,7.711068563079836,0.2605594098567962
curvature,7.762981089782714,0.2555003464221954
curvature,7.814893616485593,0.2504889070987701
curvature,7.866806143188478,0.2455262988805771
curvature,7.918718669891357,0.2406134456396103
curvature,7.970631196594239,0.2357514202594757
curvature,8.02254372329712,0.2309410721063614
curvature,8.074456249999999,0.2261833995580673
curvature,8.126368776702881,0.2214791774749755
curvature,8.178281303405763,0.2168292105197906
curvature,8.230193830108645,0.212234154343605
curvature,8.282106356811523,0.2076949030160904
curvature,8.334018883514402,0.203212022781372
curvature,8.385931410217287,0.1987860947847366
curvature,8.437843936920165,0.1944176405668258
curvature,8.489756463623047,0.1901073008775711
curvature,8.54166899032593,0.1858554780483245
curvature,8.593581517028808,0.1816625893115997
curvature,8.64549404373169,0.1775289475917816
curvature,8.697406570434572,0.1734550297260284
curvature,8.749319097137453,0.1694410443305969
curvature,8.801231623840332,0.1654872447252273
curvature,8.85314415054321,0.161593809723854
curvature,8.905056677246096,0.1577608585357666
curvature,8.956969203948974,0.153988629579544
curvature,9.008881730651856,0.1502771377563476
curvature,9.060794257354738,0.1466263979673385
curvature,9.112706784057616,0.1430363655090332
curvature,9.164619310760498,0.1395071148872375
curvature,9.21653183746338,0.1360384970903396
curvature,9.268444364166262,0.1326304078102111
curvature,9.32035689086914,0.1292826384305954
curvature,9.37226941757202,0.1259951144456863
curvature,9.424181944274904,0.1227675601840019
curvature,9.476094470977785,0.1195997223258018
curvature,9.528006997680665,0.1164913102984428
curvature,9.579919524383548,0.1134419664740562
curvature,9.631832051086423,0.1104514524340629
curvature,9.683744577789309,0.1075193434953689
curvature,9.735657104492187,0.1046452447772026
curvature,9.78756963119507,0.1018286719918251
curvature,9.83948215789795,0.0990692898631095
curvature,9.891394684600828,0.0963665693998336
curvature,9.943307211303711,0.0937200114130973
curvature,9.995219738006591,0.0911290571093559
curvature,10.047132264709472,0.0885932669043541
curvature,10.099044791412355,0.0861120223999023
curvature,10.150957318115234,0.0836847722530365
curvature,10.202869844818116,0.081310898065567
curvature,10.254782371520994,0.0789897739887237
curvature,10.30669489822388,0.0767208412289619
curvature,10.358607424926758,0.0745034292340278
curvature,10.410519951629636,0.0723368898034095
curvature,10.462432478332522,0.0702205225825309
curvature,10.5143450050354,0.0681537240743637
curvature,10.566257531738282,0.0661357715725898
curvature,10.618170058441164,0.0641659796237945
curvature,10.670082585144042,0.062243603169918
curvature,10.721995111846924,0.0603680089116096
curvature,10.773907638549804,0.058538444340229
curvature,10.825820165252688,0.0567541904747486
curvature,10.877732691955568,0.0550145208835601
curvature,10.929645218658443,0.0533186718821525
curvature,10.98155774536133,0.0516659766435623
curvature,11.033470272064209,0.0500556640326976
curvature,11.08538279876709,0.0484870001673698
curvature,11.137295325469973,0.046959213912487
curvature,11.189207852172853,0.0454716235399246
curvature,11.241120378875731,0.0440234653651714
curvature,11.293032905578611,0.042613998055458
curvature,11.344945432281497,0.0412424616515636
curvature,11.396857958984375,0.0399081707000732
curvature,11.448770485687254,0.0386103726923465
curvature,11.50068301239014,0.0373483300209045
curvature,11.552595539093018,0.0361213274300098
curvature,11.6045080657959,0.0349286161363124
curvature,11.65642059249878,0.033769529312849
curvature,11.70833311920166,0.0326433256268501
curvature,11.760245645904542,0.0315493084490299
curvature,11.81215817260742,0.0304867532104253
curvature,11.864070699310306,0.0294550079852342
curvature,11.915983226013184,0.0284533649682998
curvature,11.967895752716062,0.0274811442941427
curvature,12.019808279418948,0.0271634869277477
curvature,12.071720806121826,0.0271634869277477
curvature,12.123633332824708,0.0271634869277477
curvature,12.175545859527588,0.0271634869277477
curvature,12.227458386230468,0.0271634869277477
curvature,12.27937091293335,0.0271634869277477
curvature,12.331283439636229,0.0271634869277477
curvature,12.383195966339114,0.0271634869277477
curvature,12.435108493041993,0.0271634869277477
curvature,12.487021019744873,0.0271634869277477
curvature,12.538933546447756,0.0271634869277477
curvature,12.590846073150637,0.0271634869277477
curvature,12.642758599853517,0.0271634869277477
curvature,12.694671126556395,0.0271634869277477
curvature,12.746583653259275,0.0271634869277477
curvature,12.79849617996216,0.0271634869277477
curvature,12.850408706665036,0.0271634869277477
curvature,12.902321233367925,0.0271634869277477
curvature,12.9542337600708,0.0271634869277477
curvature,13.00614628677368,0.0271634869277477
curvature,13.058058813476563,0.0271634869277477
curvature,13.109971340179444,0.0271634869277477
curvature,13.161883866882324,0.0271634869277477
curvature,13.213796393585204,0.0271634869277477
curvature,13.265708920288086,0.0271634869277477
curvature,13.317621446990968,0.0271634869277477
curvature,13.369533973693846,0.0271634869277477
curvature,13.421446500396732,0.0271634869277477
curvature,13.47335902709961,0.0271634869277477
curvature,13.525271553802488,0.0271634869277477
curvature,13.577184080505374,0.0271634869277477
curvature,13.629096607208252,0.0271634869277477
curvature,13.681009133911134,0.0271634869277477
curvature,13.732921660614013,0.0271634869277477
curvature,13.784834187316894,0.0271634869277477
curvature,13.836746714019776,0.0271634869277477
curvature,13.888659240722657,0.0271634869277477
curvature,13.94057176742554,0.0271634869277477
curvature,13.99248429412842,0.0271634869277477
curvature,14.044396820831295,0.0271634869277477
curvature,14.096309347534184,0.0271634869277477
curvature,14.14822187423706,0.0271634869277477
curve_number,23.0,0.2708311378955841
curve_number,23.168,0.2708311378955841
curve_number,23.336,0.2708311378955841
curve_number,23.504,0.2708311378955841
curve_number,23.672,0.2708311378955841
curve_number,23.84,0.2708311378955841
curve_number,24.008,0.2708311378955841
curve_number,24.176,0.2708311378955841
curve_number,24.344,0.2708311378955841
curve_number,24.512,0.2708311378955841
curve_number,24.68,0.2708311378955841
curve_number,24.848,0.2708311378955841
curve_number,25.016,0.2708311378955841
curve_number,25.184,0.2708311378955841
curve_number,25.352,0.2708311378955841
curve_number,25.52,0.2708311378955841
curve_number,25.688,0.2708311378955841
curve_number,25.856,0.2708311378955841
curve_number,26.024,0.2708311378955841
curve_number,26.192,0.2708311378955841
curve_number,26.36,0.2708311378955841
curve_number,26.528,0.2708311378955841
curve_number,26.696,0.2708311378955841
curve_number,26.864,0.2708311378955841
curve_number,27.032,0.2708311378955841
curve_number,27.2,0.2708311378955841
curve_number,27.368,0.2708311378955841
curve_number,27.536,0.2708311378955841
curve_number,27.704,0.2708311378955841
curve_number,27.872,0.2708311378955841
curve_number,28.04,0.2708311378955841
curve_number,28.208,0.2708311378955841
curve_number,28.376,0.2708311378955841
curve_number,28.544,0.2708311378955841
curve_number,28.712,0.2708311378955841
curve_number,28.88,0.2708311378955841
curve_number,29.048,0.2708311378955841
curve_number,29.216,0.2708311378955841
curve_number,29.384,0.2708311378955841
curve_number,29.552,0.2708311378955841
curve_number,29.72,0.2708311378955841
curve_number,29.888,0.2708311378955841
curve_number,30.056,0.2711228132247925
curve_number,30.224,0.2720009684562683
curve_number,30.392,0.2728839218616485
curve_number,30.56,0.2737716436386108
curve_number,30.728,0.2746641635894775
curve_number,30.896,0.275561511516571
curve_number,31.064,0.2764637172222137
curve_number,31.232,0.277370810508728
curve_number,31.4,0.2782827913761139
curve_number,31.568,0.2791996896266937
curve_number,31.736,0.2801215052604675
curve_number,31.904,0.2810482978820801
curve_number,32.072,0.281980037689209
curve_number,32.24,0.2829168140888214
curve_number,32.408,0.2838585972785949
curve_number,32.576,0.2848054468631744
curve_number,32.744,0.2857573330402374
curve_number,32.912,0.2867143154144287
curve_number,33.08,0.287676453590393
curve_number,33.248,0.2886436879634857
curve_number,33.416,0.289616048336029
curve_number,33.584,0.2905936241149902
curve_number,33.752,0.2915763854980469
curve_number,33.92,0.2925643622875213
curve_number,34.088,0.2935576140880584
curve_number,34.256,0.2945560812950134
curve_number,34.424,0.2955598831176758
curve_number,34.592,0.2965689599514007
curve_number,34.76,0.2975833714008331
curve_number,34.928,0.2986031770706177
curve_number,35.096000000000004,0.2996283173561096
curve_number,35.264,0.3006588816642761
curve_number,35.432,0.3016948401927948
curve_number,35.6,0.3027362525463104
curve_number,35.768,0.3037831485271454
curve_number,35.936,0.3048354983329773
curve_number,36.104,0.3058933913707733
curve_number,36.272,0.306956797838211
curve_number,36.44,0.3080257475376129
curve_number,36.608,0.309100329875946
curve_number,36.776,0.3101804554462433
curve_number,36.944,0.3112662136554718
curve_number,37.112,0.312357634305954
curve_number,37.28,0.3134546875953674
curve_number,37.448,0.3145574629306793
curve_number,37.616,0.3156659603118896
curve_number,37.784,0.316780149936676
curve_number,37.952,0.3179001212120056
curve_number,38.12,0.319025844335556
curve_number,38.288,0.320157378911972
curve_number,38.456,0.3212947845458984
curve_number,38.624,0.322437971830368
curve_number,38.792,0.3235870599746704
curve_number,38.96,0.3247420191764831
curve_number,39.128,0.3259028792381286
curve_number,39.296,0.3270696997642517
curve_number,39.464,0.3282424807548523
curve_number,39.632000000000005,0.3294212222099304
curve_number,39.8,0.3306059539318084
curve_number,39.968,0.3317967057228088
curve_number,40.136,0.3329935371875763
curve_number,40.304,0.334196388721466
curve_number,40.472,0.3354053497314453
curve_number,40.64,0.3366203904151916
curve_number,40.808,0.3378416001796722
curve_number,40.976,0.3390689492225647
curve_number,41.144,0.3403024673461914
curve_number,41.312,0.3415421545505523
curve_number,41.48,0.3427880704402923
curve_number,41.648,0.3440402448177337
curve_number,41.816,0.3452986776828766
curve_number,41.984,0.3465633690357208
curve_number,42.152,0.3478343486785888
curve_number,42.32,0.3491116762161255
curve_number,42.488,0.3503953218460083
curve_number,42.656,0.3516853153705597
curve_number,42.824,0.3529817461967468
curve_number,42.992,0.3542845547199249
curve_number,43.16,0.3555937707424164
curve_number,43.328,0.3569094240665436
curve_number,43.496,0.3582315444946289
curve_number,43.664,0.3595601916313171
curve_number,43.832,0.3608953058719635
curve_number,44.0,0.3622369170188904
curve_number,44.168,0.3635850846767425
curve_number,44.336,0.3649398386478424
curve_number,44.504000000000005,0.3663011789321899
curve_number,44.672,0.3676691055297851
curve_number,44.84,0.369043618440628
curve_number,45.008,0.3704247772693634
curve_number,45.176,0.3718126118183136
curve_number,45.344,0.373207151889801
curve_number,45.512,0.3746083378791809
curve_number,45.68,0.376016229391098
curve_number,45.848,0.3774308562278747
curve_number,46.016,0.3788522481918335
curve_number,46.184,0.3802803754806518
curve_number,46.352,0.381715327501297
curve_number,46.52,0.3831570446491241
curve_number,46.688,0.3846055567264557
curve_number,46.856,0.3860609233379364
curve_number,47.024,0.3875231146812439
curve_number,47.192,0.3889922201633453
curve_number,47.36,0.3904681503772735
curve_number,47.528,0.3919509947299957
curve_number,47.696,0.3934407532215118
curve_number,47.864,0.3949374258518219
curve_number,48.032,0.3964410722255707
curve_number,48.2,0.3979516327381134
curve_number,48.368,0.3994691669940948
curve_number,48.536,0.400993674993515
curve_number,48.704,0.4025251865386963
curve_number,48.872,0.4040637612342834
curve_number,49.04,0.4056093096733093
curve_number,49.208,0.4071618914604187
curve_number,49.376000000000005,0.4087215065956116
curve_number,49.544,0.4102881848812103
curve_number,49.712,0.4118619859218597
curve_number,49.88,0.4134428203105926
curve_number,50.048,0.4150307476520538
curve_number,50.216,0.4166257977485657
curve_number,50.384,0.4182279407978058
curve_number,50.552,0.4198372364044189
curve_number,50.72,0.4214536845684051
curve_number,50.888000000000005,0.4230772256851196
curve_number,51.056,0.4247079491615295
curve_number,51.224,0.4263458251953125
curve_number,51.392,0.4279908537864685
curve_number,51.56,0.4296431243419647
curve_number,51.728,0.4313025176525116
curve_number,51.896,0.4329691231250763
curve_number,52.064,0.4346429109573364
curve_number,52.232,0.4363239109516144
curve_number,52.4,0.4380121231079101
curve_number,52.568,0.4397075474262237
curve_number,52.736,0.4414101839065552
curve_number,52.904,0.4431200325489044
curve_number,53.072,0.4448371231555938
curve_number,53.24,0.4465614557266235
curve_number,53.408,0.448293000459671
curve_number,53.576,0.4500317871570587
curve_number,53.744,0.4517777860164642
curve_number,53.912,0.4535310268402099
curve_number,54.08,0.4552915394306183
curve_number,54.248000000000005,0.4570592641830444
curve_number,54.416,0.4588342010974884
curve_number,54.584,0.4606163799762726
curve_number,54.752,0.462405800819397
curve_number,54.92,0.4642024338245392
curve_number,55.088,0.466006338596344
curve_number,55.256,0.4678174257278442
curve_number,55.424,0.4696357548236847
curve_number,55.592,0.4714612662792206
curve_number,55.76,0.4732939898967743
curve_number,55.928,0.4751339554786682
curve_number,56.096,0.4769810736179352
curve_number,56.264,0.4788353741168976
curve_number,56.432,0.4806968569755554
curve_number,56.6,0.4825655221939087
curve_number,56.768,0.4844413697719574
curve_number,56.936,0.4863243401050567
curve_number,57.104,0.4882144331932068
curve_number,57.272,0.4901116490364074
curve_number,57.44,0.4920159876346588
curve_number,57.608,0.4939274489879608
curve_number,57.776,0.4958459734916687
curve_number,57.944,0.4977715611457824
curve_number,58.112,0.4997042119503021
curve_number,58.28,0.5016438961029053
curve_number,58.448,0.5035906434059143
curve_number,58.616,0.5055443048477173
curve_number,58.784,0.5075049996376038
curve_number,58.952,0.509472668170929
curve_number,59.12,0.5114472508430481
curve_number,59.288,0.5134287476539612
curve_number,59.456,0.5154171586036682
curve_number,59.624,0.5174124836921692
curve_number,59.792,0.5194146037101746
curve_number,59.96,0.5214235186576843
curve_number,60.128,0.5234392881393433
curve_number,60.296,0.5254618525505066
curve_number,60.464,0.5274910926818848
curve_number,60.632,0.5295270681381226
curve_number,60.8,0.5315697193145752
curve_number,60.968,0.5336190462112427
curve_number,61.136,0.535675048828125
curve_number,61.304,0.5377375483512878
curve_number,61.472,0.539806604385376
curve_number,61.64,0.5418822169303894
curve_number,61.808,0.5439642667770386
curve_number,61.976,0.5460528135299683
curve_number,62.144,0.5481477379798889
curve_number,62.312,0.5502490401268005
curve_number,62.48,0.5523566603660583
curve_number,62.648,0.5544705390930176
curve_number,62.816,0.556590735912323
curve_number,62.984,0.5587170720100403
curve_number,63.152,0.5608495473861694
curve_number,63.32,0.5629881024360657
curve_number,63.488,0.565132737159729
curve_number,63.656,0.5672833919525146
curve_number,63.824,0.5694400668144226
curve_number,63.992,0.5716025829315186
curve_number,64.16,0.5737709999084473
curve_number,64.328,0.5759451985359192
curve_number,64.49600000000001,0.5781251192092896
curve_number,64.664,0.5803107619285583
curve_number,64.832,0.582502007484436
curve_number,65.0,0.5846987962722778
curve_number,65.168,0.5869011878967285
curve_number,65.336,0.589108943939209
curve_number,65.50399999999999,0.591322124004364
curve_number,65.672,0.5935406684875488
curve_number,65.84,0.5957644581794739
curve_number,66.00800000000001,0.5979935526847839
curve_number,66.176,0.6002276539802551
curve_number,66.344,0.6024668216705322
curve_number,66.512,0.6047109961509705
curve_number,66.68,0.6069600582122803
curve_number,66.848,0.6092140078544617
curve_number,67.01599999999999,0.6114726662635803
curve_number,67.184,0.613736093044281
curve_number,67.352,0.6160040497779846
curve_number,67.52000000000001,0.6182765960693359
curve_number,67.688,0.620553731918335
curve_number,67.856,0.622835099697113
curve_number,68.024,0.6251207590103149
curve_number,68.19200000000001,0.6274106502532959
curve_number,68.36,0.6297046542167664
curve_number,68.52799999999999,0.6320026516914368
curve_number,68.696,0.6343046426773071
curve_number,68.864,0.6366104483604431
curve_number,69.032,0.6389200687408447
curve_number,69.2,0.6412333250045776
curve_number,69.368,0.6435501575469971
curve_number,69.536,0.645870566368103
curve_number,69.70400000000001,0.6481942534446716
curve_number,69.872,0.6505212187767029
curve_number,70.03999999999999,0.6528513431549072
curve_number,70.208,0.6551845669746399
curve_number,70.376,0.6575207710266113
curve_number,70.544,0.659859836101532
curve_number,70.712,0.6622016429901123
curve_number,70.88,0.6645460724830627
curve_number,71.048,0.6668931245803833
curve_number,71.21600000000001,0.6692426204681396
curve_number,71.384,0.6715943813323975
curve_number,71.55199999999999,0.6739482879638672
curve_number,71.72,0.6763043403625488
curve_number,71.888,0.6786623001098633
curve_number,72.056,0.6810221672058105
curve_number,72.22399999999999,0.6833837032318115
curve_number,72.392,0.6857468485832214
curve_number,72.56,0.6881114840507507
curve_number,72.72800000000001,0.6904774308204651
curve_number,72.896,0.6928447484970093
curve_number,73.064,0.6952130198478699
curve_number,73.232,0.6975823044776917
curve_number,73.4,0.6999523639678955
curve_number,73.568,0.7023231387138367
curve_number,73.73599999999999,0.7046945095062256
curve_number,73.904,0.7070662975311279
curve_number,74.072,0.7094383239746094
curve_number,74.24000000000001,0.7118105292320251
curve_number,74.408,0.7141827940940857
curve_number,74.576,0.7165548801422119
curve_number,74.744,0.7189267873764038
curve_number,74.912,0.7212981581687927
curve_number,75.08,0.7236689925193787
curve_number,75.24799999999999,0.7260390520095825
curve_number,75.416,0.7284082770347595
curve_number,75.584,0.7307764887809753
curve_number,75.75200000000001,0.7331435084342957
curve_number,75.92,0.7355092763900757
curve_number,76.088,0.7378734946250916
curve_number,76.256,0.7402361035346985
curve_number,76.424,0.7425969839096069
curve_number,76.592,0.744955837726593
curve_number,76.75999999999999,0.747312605381012
curve_number,76.928,0.7496670484542847
curve_number,77.096,0.7520191073417664
curve_number,77.26400000000001,0.7543685436248779
curve_number,77.432,0.7567152380943298
curve_number,77.6,0.759058952331543
curve_number,77.768,0.7613996267318726
curve_number,77.936,0.7637369632720947
curve_number,78.104,0.7660709023475647
curve_number,78.27199999999999,0.7684013843536377
curve_number,78.44,0.7707279324531555
curve_number,78.608,0.7730505466461182
curve_number,78.77600000000001,0.7753689885139465
curve_number,78.944,0.7776831984519958
curve_number,79.112,0.7799928784370422
curve_number,79.28,0.7822979688644409
curve_number,79.44800000000001,0.784598171710968
curve_number,79.616,0.7868934273719788
curve_number,79.78399999999999,0.789183497428894
curve_number,79.952,0.7914682626724243
curve_number,80.12,0.7937474250793457
curve_number,80.288,0.7960208654403687
curve_number,80.456,0.7982883453369141
curve_number,80.624,0.8005498051643372
curve_number,80.792,0.8028050065040588
curve_number,80.96000000000001,0.8050537109375
curve_number,81.128,0.8072957992553711
curve_number,81.29599999999999,0.8095310926437378
curve_number,81.464,0.811759352684021
curve_number,81.632,0.8139805793762207
curve_number,81.8,0.8161942958831787
curve_number,81.968,0.818400502204895
curve_number,82.136,0.8205989003181458
curve_number,82.304,0.8227894306182861
curve_number,82.47200000000001,0.8249719142913818
curve_number,82.64,0.827146053314209
curve_number,82.80799999999999,0.8293116688728333
curve_number,82.976,0.8314687013626099
curve_number,83.144,0.8336168527603149
curve_number,83.312,0.8357560038566589
curve_number,83.47999999999999,0.8378860354423523
curve_number,83.648,0.8400065898895264
curve_number,83.816,0.8421176075935364
curve_number,83.98400000000001,0.8442187905311584
curve_number,84.152,0.8463100790977478
curve_number,84.32,0.8483912944793701
curve_number,84.488,0.8504621386528015
curve_number,84.656,0.8525225520133972
curve_number,84.824,0.8545722961425781
curve_number,84.99199999999999,0.8566112518310547
curve_number,85.16,0.8586392402648926
curve_number,85.328,0.8606559634208679
curve_number,85.49600000000001,0.8626613616943359
curve_number,85.664,0.8646551966667175
curve_number,85.832,0.8666373491287231
curve_number,86.0,0.8686076402664185
curve_number,86.168,0.8705658912658691
curve_number,86.336,0.8725119233131409
curve_number,86.50399999999999,0.8744455575942993
curve_number,86.672,0.8763666749000549
curve_number,86.84,0.8782750964164734
curve_number,87.008,0.8801707029342651
curve_number,87.176,0.8820532560348511
curve_number,87.344,0.8839225769042969
curve_number,87.512,0.8857786059379578
curve_number,87.68,0.8876211643218994
curve_number,87.848,0.8894500732421875
curve_number,88.016,0.8912651538848877
curve_number,88.184,0.8930663466453552
curve_number,88.352,0.894853413105011
curve_number,88.52,0.8966262936592102
curve_number,88.688,0.8983849287033081
curve_number,88.856,0.900128960609436
curve_number,89.024,0.9018583297729492
curve_number,89.192,0.9035729765892028
curve_number,89.36,0.9052727222442628
curve_number,89.528,0.9069574475288392
curve_number,89.696,0.9086270928382874
curve_number,89.864,0.9102814197540284
curve_number,90.032,0.911920428276062
curve_number,90.2,0.913543939590454
curve_number,90.368,0.915151834487915
curve_number,90.536,0.9167441129684448
curve_number,90.704,0.9183204770088196
curve_number,90.872,0.919880986213684
curve_number,91.04,0.921425461769104
curve_number,91.208,0.9229539036750792
curve_number,91.376,0.924466073513031
curve_number,91.544,0.9259620308876038
curve_number,91.712,0.927441656589508
curve_number,91.88,0.9289048314094543
curve_number,92.048,0.9303515553474426
curve_number,92.216,0.9317817091941832
curve_number,92.384,0.933195173740387
curve_number,92.552,0.9345919489860536
curve_number,92.72,0.935971975326538
curve_number,92.888,0.937335193157196
curve_number,93.056,0.9386816024780272
curve_number,93.224,0.9400110244750975
curve_number,93.392,0.9413235783576964
curve_number,93.56,0.9426190853118896
curve_number,93.728,0.9438976645469666
curve_number,93.896,0.9451591968536376
curve_number,94.064,0.9464036226272584
curve_number,94.232,0.9476310014724731
curve_number,94.4,0.9488412141799928
curve_number,94.568,0.9500343799591064
curve_number,94.736,0.9512104392051696
curve_number,94.904,0.9523693919181824
curve_number,95.072,0.9535111784934998
curve_number,95.24,0.9546359181404114
curve_number,95.408,0.9557436108589172
curve_number,95.576,0.9568341970443726
curve_number,95.744,0.9579077959060668
curve_number,95.912,0.9589643478393556
curve_number,96.08,0.9600039124488832
curve_number,96.248,0.9610264897346495
curve_number,96.416,0.9620321989059448
curve_number,96.584,0.9630210399627686
curve_number,96.752,0.9639931321144104
curve_number,96.92,0.9649484157562256
curve_number,97.088,0.9658870100975036
curve_number,97.256,0.9668090343475342
curve_number,97.424,0.9677144885063172
curve_number,97.592,0.9686034321784972
curve_number,97.76,0.9694759845733644
curve_number,97.928,0.9703322052955629
curve_number,98.096,0.9711722135543824
curve_number,98.264,0.9719960689544678
curve_number,98.432,0.972803831100464
curve_number,98.6,0.9735956788063048
curve_number,98.768,0.9743717312812804
curve_number,98.936,0.9751319885253906
curve_number,99.104,0.9758766293525696
curve_number,99.272,0.9766058325767516
curve_number,99.44,0.977319598197937
curve_number,99.608,0.9780181050300598
curve_number,99.776,0.9787015318870544
curve_number,99.944,0.9793698787689208
curve_number,100.112,0.9795894026756288
curve_number,100.28,0.9795894026756288
curve_number,100.448,0.9795894026756288
curve_number,100.616,0.9795894026756288
curve_number,100.784,0.9795894026756288
curve_number,100.952,0.9795894026756288
curve_number,101.12,0.9795894026756288
curve_number,101.288,0.9795894026756288
curve_number,101.456,0.9795894026756288
curve_number,101.624,0.9795894026756288
curve_number,101.792,0.9795894026756288
curve_number,101.96,0.9795894026756288
curve_number,102.128,0.9795894026756288
curve_number,102.296,0.9795894026756288
curve_number,102.464,0.9795894026756288
curve_number,102.632,0.9795894026756288
curve_number,102.8,0.9795894026756288
curve_number,102.968,0.9795894026756288
curve_number,103.136,0.9795894026756288
curve_number,103.304,0.9795894026756288
curve_number,103.472,0.9795894026756288
curve_number,103.64,0.9795894026756288
curve_number,103.808,0.9795894026756288
curve_number,103.976,0.9795894026756288
curve_number,104.144,0.9795894026756288
curve_number,104.312,0.9795894026756288
curve_number,104.48,0.9795894026756288
curve_number,104.648,0.9795894026756288
curve_number,104.816,0.9795894026756288
curve_number,104.984,0.9795894026756288
curve_number,105.152,0.9795894026756288
curve_number,105.32,0.9795894026756288
curve_number,105.488,0.9795894026756288
curve_number,105.656,0.9795894026756288
curve_number,105.824,0.9795894026756288
curve_number,105.992,0.9795894026756288
curve_number,106.16,0.9795894026756288
curve_number,106.328,0.9795894026756288
curve_number,106.496,0.9795894026756288
curve_number,106.664,0.9795894026756288
curve_number,106.832,0.9795894026756288
curve_number,107.0,0.9795894026756288
dem,285.7733978271484,0.9737339019775392
dem,286.084308203125,0.9737339019775392
dem,286.39521857910154,0.9737339019775392
dem,286.7061289550781,0.9737339019775392
dem,287.01703933105466,0.9737339019775392
dem,287.3279497070312,0.9737339019775392
dem,287.6388600830078,0.9737339019775392
dem,287.94977045898435,0.9737339019775392
dem,288.2606808349609,0.9737339019775392
dem,288.57159121093747,0.9737339019775392
dem,288.88250158691403,0.9737339019775392
dem,289.1934119628906,0.9737339019775392
dem,289.50432233886715,0.9737339019775392
dem,289.8152327148437,0.9737339019775392
dem,290.1261430908203,0.9737339019775392
dem,290.43705346679684,0.9737339019775392
dem,290.7479638427734,0.9737339019775392
dem,291.05887421875,0.9737339019775392
dem,291.3697845947265,0.9737339019775392
dem,291.6806949707031,0.9737339019775392
dem,291.99160534667965,0.9737339019775392
dem,292.3025157226562,0.9737339019775392
dem,292.6134260986328,0.9737339019775392
dem,292.92433647460933,0.9737339019775392
dem,293.2352468505859,0.9737339019775392
dem,293.54615722656246,0.9737339019775392
dem,293.857067602539,0.9737339019775392
dem,294.1679779785156,0.9737339019775392
dem,294.47888835449214,0.9737339019775392
dem,294.7897987304687,0.9737339019775392
dem,295.10070910644527,0.9737339019775392
dem,295.4116194824219,0.9737339019775392
dem,295.7225298583984,0.9737339019775392
dem,296.033440234375,0.9737339019775392
dem,296.3443506103516,0.9737339019775392
dem,296.65526098632813,0.9737339019775392
dem,296.9661713623047,0.9737339019775392
dem,297.27708173828125,0.9737339019775392
dem,297.5879921142578,0.9737339019775392
dem,297.8989024902344,0.9737339019775392
dem,298.20981286621094,0.9737339019775392
dem,298.5207232421875,0.9737339019775392
dem,298.83163361816406,0.973372220993042
dem,299.1425439941406,0.9722652435302734
dem,299.4534543701172,0.9711247086524964
dem,299.76436474609375,0.9699501991271972
dem,300.0752751220703,0.9687411785125732
dem,300.38618549804687,0.9674972295761108
dem,300.69709587402343,0.9662179350852966
dem,301.00800625,0.964902639389038
dem,301.31891662597656,0.9635510444641112
dem,301.6298270019531,0.9621626734733582
dem,301.9407373779297,0.96073716878891
dem,302.25164775390624,0.9592740535736084
dem,302.5625581298828,0.957772970199585
dem,302.87346850585936,0.956233561038971
dem,303.1843788818359,0.9546554684638976
dem,303.4952892578125,0.9530383348464966
dem,303.80619963378905,0.9513818025588988
dem,304.1171100097656,0.94968581199646
dem,304.4280203857422,0.9479496479034424
dem,304.73893076171873,0.9461732506752014
dem,305.0498411376953,0.944356381893158
dem,305.36075151367186,0.942498743534088
dem,305.6716618896484,0.9406000971794128
dem,305.982572265625,0.9386603236198424
dem,306.29348264160154,0.9366791248321532
dem,306.6043930175781,0.9346564412117004
dem,306.91530339355467,0.9325920939445496
dem,307.2262137695312,0.9304858446121216
dem,307.5371241455078,0.9283379316329956
dem,307.84803452148435,0.9261478185653688
dem,308.1589448974609,0.9239155650138856
dem,308.4698552734375,0.921641170978546
dem,308.78076564941404,0.9193245768547058
dem,309.0916760253906,0.9169657826423644
dem,309.4025864013672,0.9145647883415222
dem,309.7134967773437,0.9121216535568236
dem,310.0244071533203,0.909636378288269
dem,310.33531752929684,0.9071090221405028
dem,310.6462279052734,0.9045397043228148
dem,310.95713828125,0.90192848443985
dem,311.26804865722653,0.8992757797241211
dem,311.5789590332031,0.8965811729431152
dem,311.88986940917965,0.8938451409339905
dem,312.2007797851562,0.8910678625106812
dem,312.5116901611328,0.8882494568824768
dem,312.82260053710934,0.8853901624679565
dem,313.1335109130859,0.8824902772903442
dem,313.44442128906246,0.879550039768219
dem,313.755331665039,0.8765696287155151
dem,314.0662420410156,0.8735494613647461
dem,314.3771524169922,0.870489776134491
dem,314.6880627929687,0.8673911690711975
dem,314.9989731689453,0.8642534613609314
dem,315.30988354492183,0.8610772490501404
dem,315.62079392089845,0.8578629493713379
dem,315.931704296875,0.8546108603477478
dem,316.2426146728516,0.8513215184211731
dem,316.55352504882813,0.8479952216148376
dem,316.8644354248047,0.8446325063705444
dem,317.17534580078126,0.8412337899208069
dem,317.4862561767578,0.8377994894981384
dem,317.7971665527344,0.834330141544342
dem,318.10807692871094,0.8308265805244446
dem,318.4189873046875,0.8272885680198669
dem,318.72989768066407,0.8237169981002808
dem,319.0408080566406,0.8201124668121338
dem,319.3517184326172,0.8164753913879395
dem,319.6626288085937,0.8128063678741455
dem,319.9735391845703,0.8091060519218445
dem,320.2844495605469,0.8053749203681946
dem,320.59535993652344,0.8016135692596436
dem,320.9062703125,0.7978225946426392
dem,321.21718068847656,0.7940025925636292
dem,321.5280910644531,0.7901546359062195
dem,321.8390014404297,0.786278486251831
dem,322.14991181640625,0.7823752164840698
dem,322.4608221923828,0.7784454226493835
dem,322.77173256835937,0.7744897603988647
dem,323.082642944336,0.770508885383606
dem,323.3935533203125,0.7665034532546997
dem,323.70446369628905,0.7624741196632385
dem,324.0153740722656,0.7584215402603149
dem,324.3262844482422,0.7543464303016663
dem,324.63719482421874,0.7502493858337402
dem,324.9481052001953,0.746131181716919
dem,325.25901557617186,0.7419928312301636
dem,325.5699259521484,0.7378342747688293
dem,325.880836328125,0.7336565852165222
dem,326.19174670410155,0.7294604182243347
dem,326.5026570800781,0.7252464890480042
dem,326.81356745605467,0.7210155129432678
dem,327.12447783203123,0.7167681455612183
dem,327.4353882080078,0.7125051021575928
dem,327.7462985839844,0.7082271575927734
dem,328.0572089599609,0.7039348483085632
dem,328.3681193359375,0.699629008769989
dem,328.67902971191404,0.6953107118606567
dem,328.9899400878906,0.6909798383712769
dem,329.3008504638672,0.6866374611854553
dem,329.6117608398437,0.6822842359542847
dem,329.9226712158203,0.677920937538147
dem,330.23358159179685,0.6735482215881348
dem,330.5444919677734,0.6691668033599854
dem,330.85540234375,0.6647772789001465
dem,331.16631271972653,0.6603804230690002
dem,331.4772230957031,0.6559768319129944
dem,331.78813347167966,0.6515672206878662
dem,332.0990438476562,0.6471526622772217
dem,332.4099542236328,0.6427329778671265
dem,332.7208645996094,0.6383092403411865
dem,333.0317749755859,0.6338821649551392
dem,333.34268535156247,0.6294522881507874
dem,333.653595727539,0.6250203251838684
dem,333.96450610351565,0.6205869317054749
dem,334.2754164794921,0.6161526441574097
dem,334.5863268554688,0.6117181777954102
dem,334.8972372314453,0.6072841286659241
dem,335.2081476074219,0.6028510928153992
dem,335.5190579833984,0.5984200835227966
dem,335.829968359375,0.5939908623695374
dem,336.1408787353516,0.5895644426345825
dem,336.45178911132814,0.5851414203643799
dem,336.7626994873047,0.5807223916053772
dem,337.07360986328126,0.5763078927993774
dem,337.3845202392578,0.5718984603881836
dem,337.6954306152344,0.5674946904182434
dem,338.00634099121095,0.5630971193313599
dem,338.3172513671875,0.5587062835693359
dem,338.62816174316407,0.5543226599693298
dem,338.93907211914063,0.5499469041824341
dem,339.2499824951172,0.5455797910690308
dem,339.56089287109376,0.5412210822105408
dem,339.8718032470703,0.5368716716766357
dem,340.1827136230469,0.5325320363044739
dem,340.49362399902344,0.5282026529312134
dem,340.804534375,0.5238839983940125
dem,341.11544475097656,0.5195764899253845
dem,341.4263551269531,0.5152806639671326
dem,341.7372655029297,0.51099693775177
dem,342.04817587890625,0.5067257285118103
dem,342.3590862548828,0.5024674534797668
dem,342.6699966308594,0.4982229471206665
dem,342.98090700683593,0.4939918220043182
dem,343.2918173828125,0.4897748529911041
dem,343.60272775878906,0.4855724275112152
dem,343.9136381347656,0.4813849627971649
dem,344.2245485107422,0.4772128164768219
dem,344.53545888671874,0.4730563461780548
dem,344.8463692626953,0.4689159095287323
dem,345.15727963867187,0.464791864156723
dem,345.4681900146484,0.4606845378875732
dem,345.779100390625,0.4565942585468292
dem,346.09001076660155,0.4525217413902282
dem,346.4009211425781,0.4484664797782898
dem,346.7118315185547,0.4444292187690735
dem,347.02274189453124,0.4404102265834808
dem,347.3336522705078,0.4364098012447357
dem,347.6445626464844,0.432428240776062
dem,347.9554730224609,0.4284657537937164
dem,348.2663833984375,0.4245226383209228
dem,348.57729377441404,0.4205991327762604
dem,348.8882041503906,0.4166955053806305
dem,349.1991145263672,0.4128119647502899
dem,349.51002490234373,0.4089491367340088
dem,349.8209352783203,0.4051064848899841
dem,350.13184565429685,0.4012845754623413
dem,350.4427560302734,0.397483617067337
dem,350.75366640625,0.393703818321228
dem,351.0645767822266,0.389945387840271
dem,351.3754871582031,0.3862084448337555
dem,351.68639753417966,0.3824932277202606
dem,351.9973079101562,0.3787998557090759
dem,352.30821828613284,0.3751285076141357
dem,352.61912866210935,0.371479332447052
dem,352.930039038086,0.3678524494171142
dem,353.24094941406247,0.3642483949661255
dem,353.5518597900391,0.3606665432453155
dem,353.8627701660156,0.357107400894165
dem,354.1736805419922,0.3535710871219635
dem,354.4845909179687,0.3500576913356781
dem,354.79550129394534,0.3465673327445984
dem,355.1064116699219,0.3431000709533691
dem,355.41732204589846,0.3396560549736023
dem,355.72823242187496,0.3362353146076202
dem,356.0391427978516,0.3328379392623901
dem,356.3500531738281,0.3294640481472015
dem,356.6609635498047,0.3261139690876007
dem,356.97187392578127,0.3227871060371399
dem,357.28278430175783,0.3194839060306549
dem,357.5936946777344,0.3162043392658233
dem,357.9046050537109,0.3129484951496124
dem,358.2155154296875,0.3097164034843445
dem,358.5264258056641,0.3065080642700195
dem,358.83733618164064,0.3033235669136047
dem,359.1482465576172,0.3001628518104553
dem,359.45915693359376,0.2970260083675384
dem,359.7700673095703,0.2939129769802093
dem,360.0809776855469,0.2908241152763366
dem,360.39188806152345,0.2877588272094726
dem,360.7027984375,0.2847173511981964
dem,361.01370881347657,0.2816997468471527
dem,361.32461918945313,0.2787059545516968
dem,361.6355295654297,0.2757359743118286
dem,361.9464399414063,0.2727898061275482
dem,362.2573503173828,0.2698673605918884
dem,362.5682606933594,0.2669686675071716
dem,362.879171069336,0.264093667268753
dem,363.1900814453125,0.2612423598766327
dem,363.50099182128906,0.2584148943424225
dem,363.8119021972656,0.2556107640266418
dem,364.1228125732422,0.2528301477432251
dem,364.4337229492188,0.2500729858875274
dem,364.7446333251953,0.2473392486572265
dem,365.0555437011719,0.2446288764476776
dem,365.3664540771484,0.2419417798519134
dem,365.677364453125,0.2392779290676117
dem,365.9882748291016,0.2366372197866439
dem,366.2991852050781,0.2340196073055267
dem,366.6100955810547,0.2314250022172927
dem,366.9210059570312,0.2288533300161361
dem,367.2319163330078,0.22630475461483
dem,367.5428267089844,0.2237786948680877
dem,367.8537370849609,0.2212753295898437
dem,368.1646474609375,0.2187945544719696
dem,368.4755578369141,0.2163362801074981
dem,368.7864682128906,0.2139004170894622
dem,369.0973785888672,0.2114868760108947
dem,369.4082889648437,0.2090955525636673
dem,369.7191993408203,0.2067263573408126
dem,370.03010971679686,0.2043791711330413
dem,370.3410200927734,0.202053889632225
dem,370.6519304687501,0.1997506469488144
dem,370.96284084472654,0.1974688917398452
dem,371.2737512207032,0.1952087134122848
dem,371.58466159667967,0.1929700225591659
dem,371.8955719726563,0.190752699971199
dem,372.2064823486328,0.1885566264390945
dem,372.5173927246094,0.1863816976547241
dem,372.8283031005859,0.184227779507637
dem,373.1392134765625,0.1820947676897049
dem,373.45012385253904,0.1799825578927993
dem,373.76103422851565,0.1778909862041473
dem,374.07194460449216,0.1758201718330383
dem,374.3828549804688,0.1737695634365081
dem,374.6937653564453,0.1717392653226852
dem,375.0046757324219,0.1697291135787964
dem,375.3155861083984,0.1677390187978744
dem,375.626496484375,0.1657688170671463
dem,375.9374068603516,0.1638184189796447
dem,376.24831723632815,0.1618876755237579
dem,376.5592276123047,0.159976452589035
dem,376.8701379882813,0.1580846309661865
dem,377.1810483642578,0.1562120765447616
dem,377.4919587402344,0.1543586552143097
dem,377.80286911621096,0.1525244116783142
dem,378.1137794921875,0.1507088541984558
dem,378.4246898681641,0.148912027478218
dem,378.73560024414064,0.1471338123083114
dem,379.0465106201172,0.145374059677124
dem,379.35742099609377,0.143632635474205
dem,379.6683313720703,0.1419094055891037
dem,379.9792417480469,0.1402042508125305
dem,380.29015212402345,0.1385170072317123
dem,380.6010625,0.1368475705385208
dem,380.9119728759766,0.1351957768201828
dem,381.22288325195314,0.1335616707801818
dem,381.5337936279297,0.1319447755813598
dem,381.8447040039063,0.1303451359272003
dem,382.1556143798828,0.1287626028060913
dem,382.4665247558594,0.1271970421075821
dem,382.777435131836,0.1256483197212219
dem,383.0883455078125,0.1241163089871406
dem,383.39925588378907,0.1226008608937263
dem,383.7101662597656,0.1211018413305282
dem,384.0210766357422,0.1196191161870956
dem,384.3319870117188,0.1181525439023971
dem,384.6428973876953,0.1167021468281745
dem,384.9538077636719,0.1152674928307533
dem,385.2647181396485,0.1138485893607139
dem,385.575628515625,0.1124453023076057
dem,385.8865388916016,0.1110575050115585
dem,386.1974492675781,0.1096850559115409
dem,386.5083596435547,0.1083278208971023
dem,386.8192700195313,0.1069856733083725
dem,387.1301803955078,0.10565847158432
dem,387.4410907714844,0.1043460965156555
dem,387.7520011474609,0.1030483990907669
dem,388.0629115234375,0.1017653867602348
dem,388.37382189941405,0.1004966646432876
dem,388.6847322753906,0.0992422327399253
dem,388.9956426513672,0.0980019718408584
dem,389.3065530273437,0.0967757329344749
dem,389.6174634033204,0.0955634042620658
dem,389.92837377929686,0.0943648442625999
dem,390.2392841552734,0.0931799337267875
dem,390.55019453125,0.092008538544178
dem,390.86110490722655,0.0908505395054817
dem,391.1720152832031,0.0897058025002479
dem,391.4829256591797,0.0885742008686065
dem,391.7938360351562,0.0874557271599769
dem,392.1047464111329,0.086350031197071
dem,392.41565678710936,0.0852571055293083
dem,392.726567163086,0.0841768160462379
dem,393.0374775390625,0.0831090435385704
dem,393.3483879150391,0.0820536762475967
dem,393.6592982910156,0.0810105800628662
dem,393.9702086669922,0.0799796432256698
dem,394.2811190429688,0.0789607390761375
dem,394.5920294189453,0.0779537558555603
dem,394.9029397949219,0.076958566904068
dem,395.21385017089847,0.0759751573204994
dem,395.524760546875,0.0750032141804695
dem,395.8356709228516,0.074042722582817
dem,396.1465812988281,0.0730935633182525
dem,396.4574916748047,0.0721556171774864
dem,396.7684020507813,0.0712287724018096
dem,397.0793124267578,0.070312924683094
dem,397.3902228027344,0.0694079548120498
dem,397.70113317871096,0.0685137435793876
dem,398.0120435546875,0.0676301941275596
dem,398.3229539306641,0.0667571946978569
dem,398.6338643066407,0.0658947080373764
dem,398.9447746826172,0.0650424659252166
dem,399.25568505859377,0.0642004385590553
dem,399.56659543457033,0.0633685290813446
dem,399.8775058105469,0.0625466257333755
dem,400.18841618652345,0.0617346242070198
dem,400.4993265625,0.0609324164688587
dem,400.8102369384766,0.0601399019360542
dem,401.12114731445314,0.0593569763004779
dem,401.4320576904297,0.0585835389792919
dem,401.7429680664063,0.0578194893896579
dem,402.0538784423828,0.0570647940039634
dem,402.3647888183594,0.0563192144036293
dem,402.675699194336,0.0555827170610427
dem,402.9866095703125,0.0548552125692367
dem,403.297519946289,0.0541365928947925
dem,403.6084303222656,0.0534267723560333
dem,403.9193406982422,0.0527256466448307
dem,404.2302510742188,0.0520331263542175
dem,404.5411614501953,0.051349114626646
dem,404.8520718261719,0.0506735183298587
dem,405.1629822021485,0.0500062480568885
dem,405.473892578125,0.0493472032248973
dem,405.7848029541016,0.0486963652074337
dem,406.0957133300781,0.0480535142123699
dem,406.4066237060547,0.0474186204373836
dem,406.7175340820313,0.046791598200798
dem,407.0284444580078,0.0461723618209362
dem,407.3393548339844,0.0455608218908309
dem,407.6502652099609,0.0449568927288055
dem,407.9611755859376,0.0443604849278926
dem,408.27208596191406,0.0437715202569961
dem,408.5829963378906,0.0431899093091487
dem,408.8939067138672,0.0426155738532543
dem,409.2048170898437,0.0420484803617
dem,409.5157274658203,0.041488442569971
dem,409.82663784179687,0.040935430675745
dem,410.1375482177734,0.0403893664479255
dem,410.4484585937501,0.0398501716554164
dem,410.75936896972655,0.0393177643418312
dem,411.0702793457032,0.0387920700013637
dem,411.3811897216797,0.0382730066776275
dem,411.6921000976563,0.0377605035901069
dem,412.0030104736328,0.0372544825077056
dem,412.3139208496094,0.0367548651993274
dem,412.6248312255859,0.0362616330385208
dem,412.93574160156254,0.0357746072113513
dem,413.2466519775391,0.0352937690913677
dem,413.55756235351566,0.0348190441727638
dem,413.86847272949217,0.0343503654003143
dem,414.1793831054688,0.0338876545429229
dem,414.4902934814453,0.0334308482706546
dem,414.8012038574219,0.0329798758029937
dem,415.1121142333984,0.0325346663594245
dem,415.42302460937503,0.0320951528847217
dem,415.73393498535154,0.0316612683236599
dem,416.04484536132816,0.0312329865992069
dem,416.3557557373047,0.030810160562396
dem,416.6666661132813,0.0303927659988403
dem,416.9775764892578,0.0299807395786046
dem,417.2884868652344,0.0295740142464637
dem,417.5993972412109,0.0291725303977727
dem,417.9103076171875,0.0287762228399515
dem,418.2212179931641,0.0283850319683551
dem,418.5321283691407,0.0279988944530487
dem,418.8430387451172,0.0276177506893873
dem,419.1539491210938,0.0272415410727262
dem,419.4648594970703,0.0268702059984207
dem,419.7757698730469,0.0265037231147289
dem,420.08668024902346,0.0261419601738452
dem,420.397590625,0.0257848966866731
dem,420.7085010009766,0.0254324786365032
dem,421.01941137695314,0.0250846464186906
dem,421.3303217529297,0.0247413460165262
dem,421.6412321289063,0.0244025196880102
dem,421.9521425048828,0.0240681171417236
dem,422.2630528808594,0.0237380824983119
dem,422.573963256836,0.0234123617410659
dem,422.8848736328125,0.0230909045785665
dem,423.1957840087891,0.0227736867964267
dem,423.5066943847656,0.0224605966359376
dem,423.8176047607422,0.0221516136080026
dem,424.1285151367188,0.0218466855585575
dem,424.4394255126954,0.0215457659214735
dem,424.7503358886719,0.0212488044053316
dem,425.0612462646485,0.0209557507187128
dem,425.372156640625,0.0206665582954883
dem,425.6830670166016,0.0203811787068843
dem,425.9939773925781,0.020099563524127
dem,426.3048877685548,0.0198216680437326
dem,426.61579814453125,0.0195474736392498
dem,426.9267085205078,0.0192768778651952
dem,427.2376188964844,0.0190098639577627
dem,427.548529272461,0.0187463872134685
dem,427.8594396484375,0.0184864047914743
dem,428.1703500244141,0.0182298719882965
dem,428.4812604003906,0.0181451197713613
dem,428.7921707763672,0.0181451197713613
dem,429.10308115234375,0.0181451197713613
dem,429.4139915283204,0.0181451197713613
dem,429.72490190429687,0.0181451197713613
dem,430.0358122802735,0.0181451197713613
dem,430.34672265625,0.0181451197713613
dem,430.6576330322266,0.0181451197713613
dem,430.9685434082031,0.0181451197713613
dem,431.2794537841797,0.0181451197713613
dem,431.5903641601562,0.0181451197713613
dem,431.90127453613286,0.0181451197713613
dem,432.21218491210936,0.0181451197713613
dem,432.523095288086,0.0181451197713613
dem,432.8340056640625,0.0181451197713613
dem,433.1449160400391,0.0181451197713613
dem,433.4558264160156,0.0181451197713613
dem,433.7667367919922,0.0181451197713613
dem,434.07764716796873,0.0181451197713613
dem,434.38855754394535,0.0181451197713613
dem,434.69946791992186,0.0181451197713613
dem,435.0103782958985,0.0181451197713613
dem,435.32128867187504,0.0181451197713613
dem,435.6321990478516,0.0181451197713613
dem,435.9431094238281,0.0181451197713613
dem,436.2540197998047,0.0181451197713613
dem,436.5649301757813,0.0181451197713613
dem,436.87584055175785,0.0181451197713613
dem,437.1867509277344,0.0181451197713613
dem,437.49766130371097,0.0181451197713613
dem,437.8085716796875,0.0181451197713613
dem,438.1194820556641,0.0181451197713613
dem,438.4303924316407,0.0181451197713613
dem,438.7413028076172,0.0181451197713613
dem,439.0522131835938,0.0181451197713613
dem,439.3631235595704,0.0181451197713613
dem,439.6740339355469,0.0181451197713613
dem,439.98494431152346,0.0181451197713613
dem,440.2958546875,0.0181451197713613
dem,440.6067650634766,0.0181451197713613
dem,440.9176754394532,0.0181451197713613
dem,441.2285858154297,0.0181451197713613
depth_to_restriction,56.0,1.0
depth_to_restriction,56.096,1.0
depth_to_restriction,56.192,1.0
depth_to_restriction,56.288,1.0
depth_to_restriction,56.384,1.0
depth_to_restriction,56.48,1.0
depth_to_restriction,56.576,1.0
depth_to_restriction,56.672,1.0
depth_to_restriction,56.768,1.0
depth_to_restriction,56.864,1.0
depth_to_restriction,56.96,1.0
depth_to_restriction,57.056,1.0
depth_to_restriction,57.152,1.0
depth_to_restriction,57.248,1.0
depth_to_restriction,57.344,1.0
depth_to_restriction,57.44,1.0
depth_to_restriction,57.536,1.0
depth_to_restriction,57.632,1.0
depth_to_restriction,57.728,1.0
depth_to_restriction,57.824,1.0
depth_to_restriction,57.92,1.0
depth_to_restriction,58.016,1.0
depth_to_restriction,58.112,1.0
depth_to_restriction,58.208,1.0
depth_to_restriction,58.304,1.0
depth_to_restriction,58.4,1.0
depth_to_restriction,58.496,1.0
depth_to_restriction,58.592,1.0
depth_to_restriction,58.688,1.0
depth_to_restriction,58.784,1.0
depth_to_restriction,58.88,1.0
depth_to_restriction,58.976,1.0
depth_to_restriction,59.072,1.0
depth_to_restriction,59.168,1.0
depth_to_restriction,59.264,1.0
depth_to_restriction,59.36,1.0
depth_to_restriction,59.456,1.0
depth_to_restriction,59.552,1.0
depth_to_restriction,59.648,1.0
depth_to_restriction,59.744,1.0
depth_to_restriction,59.84,1.0
depth_to_restriction,59.936,1.0
depth_to_restriction,60.032,1.0
depth_to_restriction,60.128,1.0
depth_to_restriction,60.224,1.0
depth_to_restriction,60.32,1.0
depth_to_restriction,60.416,1.0
depth_to_restriction,60.512,1.0
depth_to_restriction,60.608,1.0
depth_to_restriction,60.704,1.0
depth_to_restriction,60.8,1.0
depth_to_restriction,60.896,1.0
depth_to_restriction,60.992,1.0
depth_to_restriction,61.088,1.0
depth_to_restriction,61.184,1.0
depth_to_restriction,61.28,1.0
depth_to_restriction,61.376,1.0
depth_to_restriction,61.472,1.0
depth_to_restriction,61.568,1.0
depth_to_restriction,61.664,1.0
depth_to_restriction,61.76,1.0
depth_to_restriction,61.856,1.0
depth_to_restriction,61.952,1.0
depth_to_restriction,62.048,1.0
depth_to_restriction,62.144,1.0
depth_to_restriction,62.24,1.0
depth_to_restriction,62.336,1.0
depth_to_restriction,62.432,1.0
depth_to_restriction,62.528,1.0
depth_to_restriction,62.624,1.0
depth_to_restriction,62.72,1.0
depth_to_restriction,62.816,1.0
depth_to_restriction,62.912,1.0
depth_to_restriction,63.008,1.0
depth_to_restriction,63.104,1.0
depth_to_restriction,63.2,1.0
depth_to_restriction,63.296,1.0
depth_to_restriction,63.392,1.0
depth_to_restriction,63.488,1.0
depth_to_restriction,63.584,1.0
depth_to_restriction,63.68,1.0
depth_to_restriction,63.776,1.0
depth_to_restriction,63.872,1.0
depth_to_restriction,63.968,1.0
depth_to_restriction,64.064,1.0
depth_to_restriction,64.16,1.0
depth_to_restriction,64.256,1.0
depth_to_restriction,64.352,1.0
depth_to_restriction,64.44800000000001,1.0
depth_to_restriction,64.544,1.0
depth_to_restriction,64.64,1.0
depth_to_restriction,64.736,1.0
depth_to_restriction,64.832,1.0
depth_to_restriction,64.928,1.0
depth_to_restriction,65.024,1.0
depth_to_restriction,65.12,1.0
depth_to_restriction,65.216,1.0
depth_to_restriction,65.312,1.0
depth_to_restriction,65.408,1.0
depth_to_restriction,65.504,1.0
depth_to_restriction,65.6,1.0
depth_to_restriction,65.696,1.0
depth_to_restriction,65.792,1.0
depth_to_restriction,65.888,1.0
depth_to_restriction,65.984,1.0
depth_to_restriction,66.08,1.0
depth_to_restriction,66.176,1.0
depth_to_restriction,66.272,1.0
depth_to_restriction,66.368,1.0
depth_to_restriction,66.464,1.0
depth_to_restriction,66.56,1.0
depth_to_restriction,66.656,1.0
depth_to_restriction,66.752,1.0
depth_to_restriction,66.848,1.0
depth_to_restriction,66.944,1.0
depth_to_restriction,67.03999999999999,1.0
depth_to_restriction,67.136,1.0
depth_to_restriction,67.232,1.0
depth_to_restriction,67.328,1.0
depth_to_restriction,67.424,1.0
depth_to_restriction,67.52,1.0
depth_to_restriction,67.616,1.0
depth_to_restriction,67.712,1.0
depth_to_restriction,67.80799999999999,1.0
depth_to_restriction,67.904,1.0
depth_to_restriction,68.0,1.0
depth_to_restriction,68.096,1.0
depth_to_restriction,68.19200000000001,1.0
depth_to_restriction,68.288,1.0
depth_to_restriction,68.384,1.0
depth_to_restriction,68.48,1.0
depth_to_restriction,68.576,1.0
depth_to_restriction,68.672,1.0
depth_to_restriction,68.768,1.0
depth_to_restriction,68.864,1.0
depth_to_restriction,68.96000000000001,1.0
depth_to_restriction,69.056,1.0
depth_to_restriction,69.152,1.0
depth_to_restriction,69.248,1.0
depth_to_restriction,69.344,1.0
depth_to_restriction,69.44,1.0
depth_to_restriction,69.536,1.0
depth_to_restriction,69.632,1.0
depth_to_restriction,69.728,1.0
depth_to_restriction,69.824,1.0
depth_to_restriction,69.92,1.0
depth_to_restriction,70.016,1.0
depth_to_restriction,70.112,1.0
depth_to_restriction,70.208,1.0
depth_to_restriction,70.304,1.0
depth_to_restriction,70.4,1.0
depth_to_restriction,70.496,1.0
depth_to_restriction,70.592,1.0
depth_to_restriction,70.688,1.0
depth_to_restriction,70.784,1.0
depth_to_restriction,70.88,1.0
depth_to_restriction,70.976,1.0
depth_to_restriction,71.072,1.0
depth_to_restriction,71.168,1.0
depth_to_restriction,71.264,1.0
depth_to_restriction,71.36,1.0
depth_to_restriction,71.456,1.0
depth_to_restriction,71.55199999999999,1.0
depth_to_restriction,71.648,1.0
depth_to_restriction,71.744,1.0
depth_to_restriction,71.84,1.0
depth_to_restriction,71.936,1.0
depth_to_restriction,72.032,1.0
depth_to_restriction,72.128,1.0
depth_to_restriction,72.224,1.0
depth_to_restriction,72.32,1.0
depth_to_restriction,72.416,1.0
depth_to_restriction,72.512,1.0
depth_to_restriction,72.608,1.0
depth_to_restriction,72.70400000000001,1.0
depth_to_restriction,72.8,1.0
depth_to_restriction,72.896,1.0
depth_to_restriction,72.992,1.0
depth_to_restriction,73.088,1.0
depth_to_restriction,73.184,0.9999999403953552
depth_to_restriction,73.28,0.9999999403953552
depth_to_restriction,73.376,0.9999999403953552
depth_to_restriction,73.47200000000001,0.9999999403953552
depth_to_restriction,73.568,0.9999999403953552
depth_to_restriction,73.664,0.9999999403953552
depth_to_restriction,73.76,0.9999999403953552
depth_to_restriction,73.856,0.9999999403953552
depth_to_restriction,73.952,0.9999999403953552
depth_to_restriction,74.048,0.9999998807907104
depth_to_restriction,74.144,0.9999998807907104
depth_to_restriction,74.24,0.9999998807907104
depth_to_restriction,74.336,0.9999998807907104
depth_to_restriction,74.432,0.9999998211860656
depth_to_restriction,74.52799999999999,0.9999998211860656
depth_to_restriction,74.624,0.9999997615814208
depth_to_restriction,74.72,0.9999997615814208
depth_to_restriction,74.816,0.9999997615814208
depth_to_restriction,74.912,0.999999701976776
depth_to_restriction,75.008,0.9999996423721312
depth_to_restriction,75.104,0.9999996423721312
depth_to_restriction,75.2,0.9999995827674866
depth_to_restriction,75.29599999999999,0.9999995231628418
depth_to_restriction,75.392,0.999999463558197
depth_to_restriction,75.488,0.9999994039535522
depth_to_restriction,75.584,0.9999993443489076
depth_to_restriction,75.68,0.999999225139618
depth_to_restriction,75.776,0.9999991655349731
depth_to_restriction,75.872,0.9999990463256836
depth_to_restriction,75.968,0.999998927116394
depth_to_restriction,76.064,0.9999988079071044
depth_to_restriction,76.16,0.9999986886978148
depth_to_restriction,76.256,0.9999985694885254
depth_to_restriction,76.352,0.9999983906745912
depth_to_restriction,76.44800000000001,0.9999982118606568
depth_to_restriction,76.544,0.9999979734420776
depth_to_restriction,76.64,0.9999977946281432
depth_to_restriction,76.736,0.9999974966049194
depth_to_restriction,76.832,0.9999972581863404
depth_to_restriction,76.928,0.9999969601631165
depth_to_restriction,77.024,0.9999966025352478
depth_to_restriction,77.12,0.9999962449073792
depth_to_restriction,77.21600000000001,0.9999958872795104
depth_to_restriction,77.312,0.9999954104423524
depth_to_restriction,77.408,0.999994933605194
depth_to_restriction,77.504,0.9999943971633912
depth_to_restriction,77.6,0.999993860721588
depth_to_restriction,77.696,0.9999932050704956
depth_to_restriction,77.792,0.9999924898147584
depth_to_restriction,77.888,0.999991774559021
depth_to_restriction,77.98400000000001,0.999990940093994
depth_to_restriction,78.08,0.9999900460243224
depth_to_restriction,78.176,0.9999890327453612
depth_to_restriction,78.27199999999999,0.9999879598617554
depth_to_restriction,78.368,0.99998676776886
depth_to_restriction,78.464,0.9999855160713196
depth_to_restriction,78.56,0.999984085559845
depth_to_restriction,78.656,0.9999825954437256
depth_to_restriction,78.752,0.999980926513672
depth_to_restriction,78.848,0.9999791383743286
depth_to_restriction,78.944,0.999977171421051
depth_to_restriction,79.03999999999999,0.999975085258484
depth_to_restriction,79.136,0.9999727606773376
depth_to_restriction,79.232,0.999970316886902
depth_to_restriction,79.328,0.9999675750732422
depth_to_restriction,79.424,0.9999646544456482
depth_to_restriction,79.52,0.9999614953994752
depth_to_restriction,79.616,0.9999580979347228
depth_to_restriction,79.712,0.9999544024467468
depth_to_restriction,79.80799999999999,0.9999504089355468
depth_to_restriction,79.904,0.9999460577964784
depth_to_restriction,80.0,0.9999414086341858
depth_to_restriction,80.096,0.9999364018440248
depth_to_restriction,80.19200000000001,0.9999310374259948
depth_to_restriction,80.288,0.9999251961708068
depth_to_restriction,80.384,0.9999189376831056
depth_to_restriction,80.48,0.9999122023582458
depth_to_restriction,80.576,0.9999049305915833
depth_to_restriction,80.672,0.9998971819877625
depth_to_restriction,80.768,0.9998887777328492
depth_to_restriction,80.864,0.9998798370361328
depth_to_restriction,80.96000000000001,0.9998701810836792
depth_to_restriction,81.056,0.9998598694801332
depth_to_restriction,81.152,0.9998488426208496
depth_to_restriction,81.248,0.9998369812965392
depth_to_restriction,81.344,0.9998243451118468
depth_to_restriction,81.44,0.9998108148574828
depth_to_restriction,81.536,0.9997963309288024
depth_to_restriction,81.632,0.9997808337211608
depth_to_restriction,81.72800000000001,0.999764323234558
depth_to_restriction,81.824,0.9997466802597046
depth_to_restriction,81.92,0.9997279047966005
depth_to_restriction,82.01599999999999,0.999707818031311
depth_to_restriction,82.112,0.9996864795684814
depth_to_restriction,82.208,0.9996637105941772
depth_to_restriction,82.304,0.9996395111083984
depth_to_restriction,82.4,0.9996137619018556
depth_to_restriction,82.496,0.9995864033699036
depth_to_restriction,82.592,0.9995572566986084
depth_to_restriction,82.688,0.9995263814926147
depth_to_restriction,82.78399999999999,0.9994935393333436
depth_to_restriction,82.88,0.9994587302207948
depth_to_restriction,82.976,0.9994218349456788
depth_to_restriction,83.072,0.9993826746940612
depth_to_restriction,83.168,0.9993412494659424
depth_to_restriction,83.264,0.9992973208427428
depth_to_restriction,83.36,0.9992508888244628
depth_to_restriction,83.456,0.9992017149925232
depth_to_restriction,83.55199999999999,0.999149739742279
depth_to_restriction,83.648,0.9990948438644408
depth_to_restriction,83.744,0.9990368485450744
depth_to_restriction,83.84,0.9989755749702454
depth_to_restriction,83.936,0.9989109635353088
depth_to_restriction,84.032,0.9988427758216858
depth_to_restriction,84.128,0.9987709522247314
depth_to_restriction,84.224,0.9986952543258668
depth_to_restriction,84.32,0.9986155033111572
depth_to_restriction,84.416,0.9985315203666688
depth_to_restriction,84.512,0.9984431862831116
depth_to_restriction,84.608,0.9983502626419068
depth_to_restriction,84.70400000000001,0.99825257062912
depth_to_restriction,84.8,0.9981499314308168
depth_to_restriction,84.896,0.998042106628418
depth_to_restriction,84.992,0.9979289770126344
depth_to_restriction,85.088,0.9978101849555968
depth_to_restriction,85.184,0.9976856112480164
depth_to_restriction,85.28,0.9975550174713136
depth_to_restriction,85.376,0.9974181056022644
depth_to_restriction,85.47200000000001,0.9972747564315796
depth_to_restriction,85.568,0.9971246123313904
depth_to_restriction,85.664,0.9969674944877625
depth_to_restriction,85.76,0.9968031644821168
depth_to_restriction,85.856,0.9966312646865844
depth_to_restriction,85.952,0.9964516162872314
depth_to_restriction,86.048,0.9962639212608336
depth_to_restriction,86.144,0.9960678815841676
depth_to_restriction,86.24,0.9958632588386536
depth_to_restriction,86.336,0.995649755001068
depth_to_restriction,86.432,0.9954270124435424
depth_to_restriction,86.52799999999999,0.9951947927474976
depth_to_restriction,86.624,0.9949527382850648
depth_to_restriction,86.72,0.9947006106376648
depth_to_restriction,86.816,0.9944380521774292
depth_to_restriction,86.912,0.9941647052764891
depth_to_restriction,87.008,0.993880331516266
depth_to_restriction,87.104,0.9935845732688904
depth_to_restriction,87.2,0.9932770133018494
depth_to_restriction,87.29599999999999,0.9929574131965636
depth_to_restriction,87.392,0.99262535572052
depth_to_restriction,87.488,0.9922804832458496
depth_to_restriction,87.584,0.9919224977493286
depth_to_restriction,87.68,0.9915510416030884
depth_to_restriction,87.776,0.9911656975746156
depth_to_restriction,87.872,0.990766167640686
depth_to_restriction,87.968,0.9903520345687866
depth_to_restriction,88.064,0.9899229407310486
depth_to_restriction,88.16,0.9894784688949584
depth_to_restriction,88.256,0.9890183806419371
depth_to_restriction,88.352,0.9885420799255372
depth_to_restriction,88.44800000000001,0.988049328327179
depth_to_restriction,88.544,0.9875397086143494
depth_to_restriction,88.64,0.9870128035545348
depth_to_restriction,88.73599999999999,0.9864682555198668
depth_to_restriction,88.832,0.985905647277832
depth_to_restriction,88.928,0.9853246212005616
depth_to_restriction,89.024,0.9847247004508972
depth_to_restriction,89.12,0.98410564661026
depth_to_restriction,89.21600000000001,0.983466863632202
depth_to_restriction,89.312,0.9828081727027892
depth_to_restriction,89.408,0.9821289777755736
depth_to_restriction,89.50399999999999,0.9814289808273317
depth_to_restriction,89.6,0.9807077646255492
depth_to_restriction,89.696,0.9799649119377136
depth_to_restriction,89.792,0.9792000651359558
depth_to_restriction,89.888,0.9784128069877625
depth_to_restriction,89.98400000000001,0.9776027798652648
depth_to_restriction,90.08,0.9767695665359496
depth_to_restriction,90.176,0.9759127497673036
depth_to_restriction,90.272,0.9750320315361024
depth_to_restriction,90.368,0.9741270542144777
depth_to_restriction,90.464,0.9731972813606262
depth_to_restriction,90.56,0.9722424149513244
depth_to_restriction,90.656,0.9712620973587036
depth_to_restriction,90.752,0.970255970954895
depth_to_restriction,90.848,0.9692236185073853
depth_to_restriction,90.944,0.9681647419929504
depth_to_restriction,91.04,0.9670789241790771
depth_to_restriction,91.136,0.9659659266471864
depth_to_restriction,91.232,0.9648253321647644
depth_to_restriction,91.328,0.9636567831039428
depth_to_restriction,91.424,0.9624599814414978
depth_to_restriction,91.52,0.96123468875885
depth_to_restriction,91.616,0.9599804282188416
depth_to_restriction,91.712,0.9586969614028932
depth_to_restriction,91.808,0.957383930683136
depth_to_restriction,91.904,0.956041157245636
depth_to_restriction,92.0,0.9546682834625244
depth_to_restriction,92.096,0.9532650113105774
depth_to_restriction,92.192,0.9518311023712158
depth_to_restriction,92.288,0.9503662586212158
depth_to_restriction,92.384,0.9488703012466432
depth_to_restriction,92.48,0.9473429322242736
depth_to_restriction,92.576,0.945784032344818
depth_to_restriction,92.672,0.9441931247711182
depth_to_restriction,92.768,0.942570149898529
depth_to_restriction,92.864,0.9409148693084716
depth_to_restriction,92.96,0.9392271637916564
depth_to_restriction,93.056,0.9375067353248596
depth_to_restriction,93.152,0.9357534050941468
depth_to_restriction,93.248,0.933967113494873
depth_to_restriction,93.344,0.9321476817131042
depth_to_restriction,93.44,0.9302948713302612
depth_to_restriction,93.536,0.928408682346344
depth_to_restriction,93.632,0.9264888763427734
depth_to_restriction,93.728,0.9245355725288392
depth_to_restriction,93.824,0.9225483536720276
depth_to_restriction,93.92,0.9205272197723388
depth_to_restriction,94.016,0.918472170829773
depth_to_restriction,94.112,0.9163831472396852
depth_to_restriction,94.208,0.9142600893974304
depth_to_restriction,94.304,0.9121028780937196
depth_to_restriction,94.4,0.909911572933197
depth_to_restriction,94.496,0.907686173915863
depth_to_restriction,94.592,0.905426561832428
depth_to_restriction,94.688,0.9031329154968262
depth_to_restriction,94.784,0.9008052945137024
depth_to_restriction,94.88,0.8984434008598328
depth_to_restriction,94.976,0.8960475325584412
depth_to_restriction,95.072,0.8936176300048828
depth_to_restriction,95.168,0.891153872013092
depth_to_restriction,95.264,0.8886563181877136
depth_to_restriction,95.36,0.8861250281333923
depth_to_restriction,95.456,0.883560061454773
depth_to_restriction,95.552,0.8809616565704346
depth_to_restriction,95.648,0.878329873085022
depth_to_restriction,95.744,0.8756648898124695
depth_to_restriction,95.84,0.872967004776001
depth_to_restriction,95.936,0.8702360391616821
depth_to_restriction,96.032,0.8674723505973816
depth_to_restriction,96.128,0.8646761178970337
depth_to_restriction,96.224,0.8618475794792175
depth_to_restriction,96.32,0.8589868545532227
depth_to_restriction,96.416,0.8560943007469177
depth_to_restriction,96.512,0.8531700372695923
depth_to_restriction,96.608,0.8502143621444702
depth_to_restriction,96.704,0.8472275137901306
depth_to_restriction,96.8,0.8442097902297974
depth_to_restriction,96.896,0.8411614298820496
depth_to_restriction,96.992,0.838083028793335
depth_to_restriction,97.088,0.8349743485450745
depth_to_restriction,97.184,0.831835925579071
depth_to_restriction,97.28,0.8286681175231934
depth_to_restriction,97.376,0.8254712224006653
depth_to_restriction,97.472,0.8222455382347107
depth_to_restriction,97.568,0.8189915418624878
depth_to_restriction,97.664,0.8157094717025757
depth_to_restriction,97.76,0.8123997449874878
depth_to_restriction,97.856,0.8090627193450928
depth_to_restriction,97.952,0.8056987524032593
depth_to_restriction,98.048,0.8023085594177246
depth_to_restriction,98.144,0.7988919615745544
depth_to_restriction,98.24,0.7954496145248413
depth_to_restriction,98.336,0.7919819355010986
depth_to_restriction,98.432,0.7884894013404846
depth_to_restriction,98.528,0.7849724292755127
depth_to_restriction,98.624,0.7814313769340515
depth_to_restriction,98.72,0.777866780757904
depth_to_restriction,98.816,0.774278998374939
depth_to_restriction,98.912,0.7706685066223145
depth_to_restriction,99.008,0.7670358419418335
depth_to_restriction,99.104,0.7633816599845886
depth_to_restriction,99.2,0.7597059011459351
depth_to_restriction,99.296,0.7560093402862549
depth_to_restriction,99.392,0.7522923946380615
depth_to_restriction,99.488,0.748555600643158
depth_to_restriction,99.584,0.7447994351387024
depth_to_restriction,99.68,0.741024374961853
depth_to_restriction,99.776,0.7372309565544128
depth_to_restriction,99.872,0.7334195971488953
depth_to_restriction,99.968,0.729590892791748
depth_to_restriction,100.064,0.7283110022544861
depth_to_restriction,100.16,0.7283110022544861
depth_to_restriction,100.256,0.7283110022544861
depth_to_restriction,100.352,0.7283110022544861
depth_to_restriction,100.448,0.7283110022544861
depth_to_restriction,100.544,0.7283110022544861
depth_to_restriction,100.64,0.7283110022544861
depth_to_restriction,100.736,0.7283110022544861
depth_to_restriction,100.832,0.7283110022544861
depth_to_restriction,100.928,0.7283110022544861
depth_to_restriction,101.024,0.7283110022544861
depth_to_restriction,101.12,0.7283110022544861
depth_to_restriction,101.216,0.7283110022544861
depth_to_restriction,101.312,0.7283110022544861
depth_to_restriction,101.408,0.7283110022544861
depth_to_restriction,101.504,0.7283110022544861
depth_to_restriction,101.6,0.7283110022544861
depth_to_restriction,101.696,0.7283110022544861
depth_to_restriction,101.792,0.7283110022544861
depth_to_restriction,101.888,0.7283110022544861
depth_to_restriction,101.984,0.7283110022544861
depth_to_restriction,102.08,0.7283110022544861
depth_to_restriction,102.176,0.7283110022544861
depth_to_restriction,102.272,0.7283110022544861
depth_to_restriction,102.368,0.7283110022544861
depth_to_restriction,102.464,0.7283110022544861
depth_to_restriction,102.56,0.7283110022544861
depth_to_restriction,102.656,0.7283110022544861
depth_to_restriction,102.752,0.7283110022544861
depth_to_restriction,102.848,0.7283110022544861
depth_to_restriction,102.944,0.7283110022544861
depth_to_restriction,103.04,0.7283110022544861
depth_to_restriction,103.136,0.7283110022544861
depth_to_restriction,103.232,0.7283110022544861
depth_to_restriction,103.328,0.7283110022544861
depth_to_restriction,103.424,0.7283110022544861
depth_to_restriction,103.52,0.7283110022544861
depth_to_restriction,103.616,0.7283110022544861
depth_to_restriction,103.712,0.7283110022544861
depth_to_restriction,103.808,0.7283110022544861
depth_to_restriction,103.904,0.7283110022544861
depth_to_restriction,104.0,0.7283110022544861
distance_to_outfall,-1034.9099609375,0.9127246737480164
distance_to_outfall,-1010.072121875,0.9127246737480164
distance_to_outfall,-985.2342828125,0.9127246737480164
distance_to_outfall,-960.39644375,0.9127246737480164
distance_to_outfall,-935.5586046875,0.9127246737480164
distance_to_outfall,-910.720765625,0.9127246737480164
distance_to_outfall,-885.8829265625,0.9127246737480164
distance_to_outfall,-861.0450875,0.9127246737480164
distance_to_outfall,-836.2072484375001,0.9127246737480164
distance_to_outfall,-811.369409375,0.9127246737480164
distance_to_outfall,-786.5315703125,0.9127246737480164
distance_to_outfall,-761.6937312499999,0.9127246737480164
distance_to_outfall,-736.8558921875,0.9127246737480164
distance_to_outfall,-712.018053125,0.9127246737480164
distance_to_outfall,-687.1802140625,0.9127246737480164
distance_to_outfall,-662.342375,0.9127246737480164
distance_to_outfall,-637.5045359375,0.9127246737480164
distance_to_outfall,-612.6666968750001,0.9127246737480164
distance_to_outfall,-587.8288578125,0.9127246737480164
distance_to_outfall,-562.99101875,0.9127246737480164
distance_to_outfall,-538.1531796874999,0.9127246737480164
distance_to_outfall,-513.315340625,0.9127246737480164
distance_to_outfall,-488.4775015624999,0.9127246737480164
distance_to_outfall,-463.6396625,0.9127246737480164
distance_to_outfall,-438.80182343749993,0.9127246737480164
distance_to_outfall,-413.9639843749999,0.9127246737480164
distance_to_outfall,-389.1261453125,0.9127246737480164
distance_to_outfall,-364.28830625,0.9127246737480164
distance_to_outfall,-339.45046718749995,0.9127246737480164
distance_to_outfall,-314.612628125,0.9127246737480164
distance_to_outfall,-289.7747890625,0.9127246737480164
distance_to_outfall,-264.93695,0.9127246737480164
distance_to_outfall,-240.0991109375,0.9127246737480164
distance_to_outfall,-215.26127187499992,0.9127246737480164
distance_to_outfall,-190.4234328125,0.9127246737480164
distance_to_outfall,-165.58559374999993,0.9127246737480164
distance_to_outfall,-140.7477546875,0.9127246737480164
distance_to_outfall,-115.90991562499994,0.9127246737480164
distance_to_outfall,-91.07207656249987,0.9127246737480164
distance_to_outfall,-66.23423749999995,0.9127246737480164
distance_to_outfall,-41.3963984374999,0.9127246737480164
distance_to_outfall,-16.558559374999845,0.9127246737480164
distance_to_outfall,8.279279687500093,0.909165382385254
distance_to_outfall,33.117118750000145,0.898023247718811
distance_to_outfall,57.9549578125002,0.8862046003341675
distance_to_outfall,82.79279687500025,0.8737391829490662
distance_to_outfall,107.63063593750007,0.8606618642807007
distance_to_outfall,132.46847500000013,0.8470116257667542
distance_to_outfall,157.30631406250018,0.8328309655189514
distance_to_outfall,182.14415312500023,0.8181652426719666
distance_to_outfall,206.98199218750028,0.8030617833137512
distance_to_outfall,231.8198312500001,0.7875694036483765
distance_to_outfall,256.65767031250016,0.771737813949585
distance_to_outfall,281.495509375,0.7556167244911194
distance_to_outfall,306.33334843750004,0.7392557263374329
distance_to_outfall,331.1711875000001,0.7227033972740173
distance_to_outfall,356.00902656250014,0.7060073018074036
distance_to_outfall,380.846865625,0.6892132759094238
distance_to_outfall,405.6847046875,0.6723654270172119
distance_to_outfall,430.52254375000007,0.6555054783821106
distance_to_outfall,455.3603828125001,0.6386731863021851
distance_to_outfall,480.1982218750002,0.6219056844711304
distance_to_outfall,505.0360609375,0.6052374839782715
distance_to_outfall,529.8739,0.5887007117271423
distance_to_outfall,554.7117390625001,0.5723246932029724
distance_to_outfall,579.5495781250002,0.5561362504959106
distance_to_outfall,604.3874171875002,0.5401595234870911
distance_to_outfall,629.22525625,0.5244162678718567
distance_to_outfall,654.0630953125001,0.5089257955551147
distance_to_outfall,678.9009343750001,0.4937049746513366
distance_to_outfall,703.7387734375002,0.4787685871124267
distance_to_outfall,728.5766125000002,0.4641291797161102
distance_to_outfall,753.4144515625001,0.4497973322868347
distance_to_outfall,778.2522906250001,0.4357817471027374
distance_to_outfall,803.0901296875002,0.4220894873142242
distance_to_outfall,827.9279687500002,0.4087257981300354
distance_to_outfall,852.7658078125003,0.3956945836544037
distance_to_outfall,877.6036468750003,0.3829982876777649
distance_to_outfall,902.4414859375,0.3706381022930145
distance_to_outfall,927.2793250000002,0.3586141467094421
distance_to_outfall,952.1171640625004,0.3469253778457641
distance_to_outfall,976.9550031250004,0.3355699777603149
distance_to_outfall,1001.7928421875004,0.3245451748371124
distance_to_outfall,1026.63068125,0.3138474822044372
distance_to_outfall,1051.4685203125002,0.3034728467464447
distance_to_outfall,1076.3063593750005,0.2934165000915527
distance_to_outfall,1101.1441984375003,0.2836733162403106
distance_to_outfall,1125.9820375000002,0.27423757314682
distance_to_outfall,1150.8198765625004,0.2651034295558929
distance_to_outfall,1175.6577156250005,0.2562645375728607
distance_to_outfall,1200.4955546875003,0.2477143555879593
distance_to_outfall,1225.3333937500004,0.2394462376832962
distance_to_outfall,1250.1712328125002,0.2314532250165939
distance_to_outfall,1275.0090718750005,0.2237284034490585
distance_to_outfall,1299.8469109375003,0.2162646502256393
distance_to_outfall,1324.6847500000006,0.2090549170970916
distance_to_outfall,1349.5225890625004,0.2020920366048813
distance_to_outfall,1374.3604281250002,0.1953689157962799
distance_to_outfall,1399.1982671875005,0.1888785511255264
distance_to_outfall,1424.0361062500003,0.1826138347387313
distance_to_outfall,1448.8739453125006,0.1765678972005844
distance_to_outfall,1473.7117843750004,0.1707338541746139
distance_to_outfall,1498.5496234375005,0.1651049852371215
distance_to_outfall,1523.3874625000003,0.1596746742725372
distance_to_outfall,1548.2253015625004,0.1544363647699356
distance_to_outfall,1573.0631406250006,0.1493837535381317
distance_to_outfall,1597.9009796875,0.1445105522871017
distance_to_outfall,1622.7388187499998,0.1398107260465622
distance_to_outfall,1647.5766578125,0.1352782845497131
distance_to_outfall,1672.414496875,0.1309074610471725
distance_to_outfall,1697.2523359375002,0.1266926676034927
distance_to_outfall,1722.090175,0.1226283609867096
distance_to_outfall,1746.9280140625003,0.1187092661857605
distance_to_outfall,1771.765853125,0.1149301901459693
distance_to_outfall,1796.6036921875,0.1112861633300781
distance_to_outfall,1821.4415312500005,0.1077722758054733
distance_to_outfall,1846.2793703125,0.1043838635087013
distance_to_outfall,1871.1172093750004,0.1011163815855979
distance_to_outfall,1895.9550484375,0.0979654043912887
distance_to_outfall,1920.7928875,0.0949266925454139
distance_to_outfall,1945.6307265625005,0.0919961035251617
distance_to_outfall,1970.468565625,0.0891697034239769
distance_to_outfall,1995.3064046875004,0.086443617939949
distance_to_outfall,2020.14424375,0.0838141664862632
distance_to_outfall,2044.9820828125,0.0812777802348136
distance_to_outfall,2069.8199218750005,0.0788310021162033
distance_to_outfall,2094.6577609375,0.0764704942703247
distance_to_outfall,2119.4956,0.0741930827498436
distance_to_outfall,2144.3334390625005,0.071995660662651
distance_to_outfall,2169.171278125,0.0698752701282501
distance_to_outfall,2194.0091171875,0.0678290575742721
distance_to_outfall,2218.8469562500004,0.0658542290329933
distance_to_outfall,2243.6847953125007,0.0639481544494628
distance_to_outfall,2268.522634375,0.0621082745492458
distance_to_outfall,2293.3604734375003,0.0603321455419063
distance_to_outfall,2318.1983125000006,0.0586173646152019
distance_to_outfall,2343.0361515625,0.056961677968502
distance_to_outfall,2367.8739906250003,0.0553628876805305
distance_to_outfall,2392.7118296875005,0.0538188926875591
distance_to_outfall,2417.54966875,0.052327673882246
distance_to_outfall,2442.3875078125,0.0508872531354427
distance_to_outfall,2467.2253468750005,0.0494957715272903
distance_to_outfall,2492.0631859375007,0.0481514260172843
distance_to_outfall,2516.901025,0.0468524806201458
distance_to_outfall,2541.7388640625004,0.045597281306982
distance_to_outfall,2566.5767031250007,0.0443841964006423
distance_to_outfall,2591.4145421875,0.0432117022573947
distance_to_outfall,2616.2523812500003,0.0420783087611198
distance_to_outfall,2641.0902203125006,0.0409826003015041
distance_to_outfall,2665.928059375001,0.0399232096970081
distance_to_outfall,2690.7658984375003,0.0388987995684146
distance_to_outfall,2715.6037375000005,0.0379081182181835
distance_to_outfall,2740.441576562501,0.0369499400258064
distance_to_outfall,2765.279415625,0.0360231101512908
distance_to_outfall,2790.1172546875005,0.0351264774799346
distance_to_outfall,2814.9550937500007,0.0342589765787124
distance_to_outfall,2839.7929328125,0.03341955691576
distance_to_outfall,2864.6307718750004,0.032607227563858
distance_to_outfall,2889.4686109375007,0.0318210273981094
distance_to_outfall,2914.306450000001,0.0310600157827138
distance_to_outfall,2939.1442890625003,0.0303233116865158
distance_to_outfall,2963.9821281250006,0.0296100601553916
distance_to_outfall,2988.819967187501,0.0289194341748952
distance_to_outfall,3013.65780625,0.0282506514340639
distance_to_outfall,3038.4956453125005,0.0276029352098703
distance_to_outfall,3063.333484375001,0.0269755609333515
distance_to_outfall,3088.1713234375,0.0263678226619958
distance_to_outfall,3113.0091625000005,0.0257790423929691
distance_to_outfall,3137.8470015625007,0.0252085719257593
distance_to_outfall,3162.684840625,0.0246557760983705
distance_to_outfall,3187.5226796875013,0.0241200514137744
distance_to_outfall,3212.3605187500007,0.0236008204519748
distance_to_outfall,3237.198357812501,0.0230975281447172
distance_to_outfall,3262.0361968750003,0.0226096231490373
distance_to_outfall,3286.8740359375006,0.0221365969628095
distance_to_outfall,3311.711875000001,0.0216779466718435
distance_to_outfall,3336.549714062501,0.0212331935763359
distance_to_outfall,3361.3875531250005,0.0208018813282251
distance_to_outfall,3386.225392187501,0.0203835535794496
distance_to_outfall,3411.06323125,0.0199777875095605
distance_to_outfall,3435.9010703125014,0.0195841696113348
distance_to_outfall,3460.7389093750007,0.0192023031413555
distance_to_outfall,3485.576748437501,0.0188318081200122
distance_to_outfall,3510.4145875000004,0.0184723101556301
distance_to_outfall,3535.2524265625007,0.0181234553456306
distance_to_outfall,3560.090265625001,0.0177849046885967
distance_to_outfall,3584.928104687501,0.0174563266336917
distance_to_outfall,3609.7659437500006,0.0171374063938856
distance_to_outfall,3634.603782812501,0.0168278329074382
distance_to_outfall,3659.441621875,0.0165273137390613
distance_to_outfall,3684.279460937501,0.0162355657666921
distance_to_outfall,3709.117300000001,0.0159523151814937
distance_to_outfall,3733.955139062501,0.0156772974878549
distance_to_outfall,3758.792978125,0.0154102556407451
distance_to_outfall,3783.6308171875007,0.0151509484276175
distance_to_outfall,3808.468656250001,0.014899137429893
distance_to_outfall,3833.306495312501,0.0146545972675085
distance_to_outfall,3858.1443343750007,0.0144171044230461
distance_to_outfall,3882.982173437501,0.0141864484176039
distance_to_outfall,3907.8200125,0.0139624252915382
distance_to_outfall,3932.6578515625015,0.0137448376044631
distance_to_outfall,3957.495690625001,0.0135334972292184
distance_to_outfall,3982.333529687501,0.0133282179012894
distance_to_outfall,4007.171368750001,0.013128824532032
distance_to_outfall,4032.009207812501,0.0129351457580924
distance_to_outfall,4056.847046875001,0.0127470176666975
distance_to_outfall,4081.684885937501,0.0125642837956547
distance_to_outfall,4106.522725000001,0.0123867858201265
distance_to_outfall,4131.360564062501,0.012214383110404
distance_to_outfall,4156.198403125,0.0120469266548752
distance_to_outfall,4181.036242187502,0.0118842823430895
distance_to_outfall,4205.874081250001,0.0117263160645961
distance_to_outfall,4230.7119203125,0.0115729011595249
distance_to_outfall,4255.549759375001,0.0114239137619733
distance_to_outfall,4280.3875984375,0.011279234662652
distance_to_outfall,4305.225437500001,0.0111387502402067
distance_to_outfall,4330.0632765625005,0.0110023478046059
distance_to_outfall,4354.901115625001,0.0108699249103665
distance_to_outfall,4379.7389546875,0.0107413716614246
distance_to_outfall,4404.57679375,0.0106165912002325
distance_to_outfall,4429.414632812501,0.0104954885318875
distance_to_outfall,4454.252471875001,0.0103779714554548
distance_to_outfall,4479.0903109375,0.010263948701322
distance_to_outfall,4503.928150000001,0.0101533364504575
distance_to_outfall,4528.765989062501,0.010046049952507
distance_to_outfall,4553.603828125001,0.009942009113729
distance_to_outfall,4578.441667187501,0.0098411375656723
distance_to_outfall,4603.279506250001,0.0097433626651763
distance_to_outfall,4628.1173453125,0.0096486089751124
distance_to_outfall,4652.955184375001,0.0095568085089325
distance_to_outfall,4677.793023437501,0.0094678942114114
distance_to_outfall,4702.630862500001,0.0093818036839365
distance_to_outfall,4727.4687015625,0.0092984735965728
distance_to_outfall,4752.306540625001,0.0092178452759981
distance_to_outfall,4777.144379687501,0.0091398609802126
distance_to_outfall,4801.982218750001,0.0090644648298621
distance_to_outfall,4826.820057812501,0.0089916065335273
distance_to_outfall,4851.657896875001,0.0089212311431765
distance_to_outfall,4876.4957359375,0.0088532920926809
distance_to_outfall,4901.3335750000015,0.0087877409532666
distance_to_outfall,4926.171414062501,0.00872453302145
distance_to_outfall,4951.009253125001,0.0086636254563927
distance_to_outfall,4975.8470921875005,0.0086049754172563
distance_to_outfall,5000.684931250001,0.0085485428571701
distance_to_outfall,5025.522770312501,0.008494290523231
distance_to_outfall,5050.360609375001,0.0084421811625361
distance_to_outfall,5075.198448437501,0.0083921803161501
distance_to_outfall,5100.036287500001,0.0083442525938153
distance_to_outfall,5124.8741265625,0.0082983672618865
distance_to_outfall,5149.7119656250015,0.0082544926553964
distance_to_outfall,5174.549804687501,0.0082126008346676
distance_to_outfall,5199.387643750001,0.008172663860023
distance_to_outfall,5224.225482812501,0.0081346547231078
distance_to_outfall,5249.063321875001,0.0080985482782125
distance_to_outfall,5273.901160937501,0.0080643221735954
distance_to_outfall,5298.739000000001,0.008031953126192
distance_to_outfall,5323.576839062501,0.0080014197155833
distance_to_outfall,5348.414678125001,0.0079727014526724
distance_to_outfall,5373.2525171875,0.0079457815736532
distance_to_outfall,5398.090356250002,0.0079206405207514
distance_to_outfall,5422.928195312501,0.007897263392806
distance_to_outfall,5447.766034375001,0.0078756343573331
distance_to_outfall,5472.603873437501,0.0078557403758168
distance_to_outfall,5497.441712500001,0.0078375684097409
distance_to_outfall,5522.279551562501,0.007821106351912
distance_to_outfall,5547.1173906250015,0.0078063434921205
distance_to_outfall,5571.955229687501,0.0077932705171406
distance_to_outfall,5596.793068750001,0.0077818790450692
distance_to_outfall,5621.6309078125005,0.0077721620909869
distance_to_outfall,5646.468746875002,0.0077641131356358
distance_to_outfall,5671.306585937501,0.0077577270567417
distance_to_outfall,5696.144425000001,0.0077530001290142
distance_to_outfall,5720.982264062501,0.0077499290928244
distance_to_outfall,5745.820103125001,0.0077485120855271
distance_to_outfall,5770.657942187501,0.0077487481757998
distance_to_outfall,5795.4957812500015,0.0077506368979811
distance_to_outfall,5820.333620312501,0.0077541805803775
distance_to_outfall,5845.171459375001,0.0077593806199729
distance_to_outfall,5870.009298437501,0.0077662407420575
distance_to_outfall,5894.847137500002,0.007774765137583
distance_to_outfall,5919.684976562501,0.0077849593944847
distance_to_outfall,5944.5228156250005,0.0077968300320208
distance_to_outfall,5969.360654687501,0.0078103845007717
distance_to_outfall,5994.19849375,0.007825631648302
distance_to_outfall,6019.036332812501,0.0078425807878375
distance_to_outfall,6043.874171875001,0.0078612426295876
distance_to_outfall,6068.712010937501,0.0078816311433911
distance_to_outfall,6093.54985,0.0079037575051188
distance_to_outfall,6118.387689062501,0.0079276356846094
distance_to_outfall,6143.225528125001,0.0079532824456691
distance_to_outfall,6168.063367187501,0.0079807145521044
distance_to_outfall,6192.9012062500005,0.0080099487677216
distance_to_outfall,6217.739045312501,0.0080410046502947
distance_to_outfall,6242.576884375001,0.0080739008262753
distance_to_outfall,6267.414723437501,0.0081086615100502
distance_to_outfall,6292.252562500001,0.0081453081220388
distance_to_outfall,6317.090401562501,0.0081838648766279
distance_to_outfall,6341.928240625,0.0082243578508496
distance_to_outfall,6366.766079687502,0.0082668121904134
distance_to_outfall,6391.603918750001,0.0083112576976418
distance_to_outfall,6416.441757812501,0.0083577232435345
distance_to_outfall,6441.279596875001,0.0084062395617365
distance_to_outfall,6466.117435937501,0.008456839248538
distance_to_outfall,6490.955275000001,0.0085095558315515
distance_to_outfall,6515.793114062501,0.0085644265636801
distance_to_outfall,6540.630953125001,0.0086214877665042
distance_to_outfall,6565.468792187501,0.008680778555572
distance_to_outfall,6590.3066312500005,0.0087423389777541
distance_to_outfall,6615.144470312502,0.0088062109425663
distance_to_outfall,6639.982309375001,0.0088724382221698
distance_to_outfall,6664.820148437501,0.0089410683140158
distance_to_outfall,6689.657987500001,0.009012147784233
distance_to_outfall,6714.495826562501,0.0090857250615954
distance_to_outfall,6739.333665625001,0.0091618541628122
distance_to_outfall,6764.1715046875015,0.0092405872419476
distance_to_outfall,6789.009343750001,0.0093219811096787
distance_to_outfall,6813.847182812501,0.0094060925766825
distance_to_outfall,6838.6850218750005,0.009492983110249
distance_to_outfall,6863.522860937502,0.009582714177668
distance_to_outfall,6888.360700000001,0.0096753500401973
distance_to_outfall,6913.198539062501,0.0097709605470299
distance_to_outfall,6938.036378125001,0.0098696127533912
distance_to_outfall,6962.874217187501,0.009971379302442
distance_to_outfall,6987.712056250001,0.0100763384252786
distance_to_outfall,7012.549895312502,0.0101845655590295
distance_to_outfall,7037.387734375001,0.0102961435914039
distance_to_outfall,7062.225573437501,0.0104111544787883
distance_to_outfall,7087.063412500001,0.0105296857655048
distance_to_outfall,7111.901251562502,0.0106518287211656
distance_to_outfall,7136.739090625001,0.0107776755467057
distance_to_outfall,7161.576929687501,0.0109073240309953
distance_to_outfall,7186.414768750002,0.0110408719629049
distance_to_outfall,7211.2526078125,0.0111784283071756
distance_to_outfall,7236.090446875002,0.0113200983032584
distance_to_outfall,7260.928285937501,0.0114659946411848
distance_to_outfall,7285.766125000001,0.0116162337362766
distance_to_outfall,7310.603964062501,0.0117709347978234
distance_to_outfall,7335.441803125002,0.0119302235543727
distance_to_outfall,7360.2796421875,0.0120942275971174
distance_to_outfall,7385.117481250002,0.0122630828991532
distance_to_outfall,7409.955320312502,0.0124369235709309
distance_to_outfall,7434.793159375001,0.0126159004867076
distance_to_outfall,7459.630998437501,0.012800158932805
distance_to_outfall,7484.468837500001,0.0129898553714156
distance_to_outfall,7509.306676562502,0.013185148127377
distance_to_outfall,7534.144515625002,0.0133862039074301
distance_to_outfall,7558.9823546875,0.0135931950062513
distance_to_outfall,7583.820193750002,0.0138063011690974
distance_to_outfall,7608.658032812501,0.0140257058665156
distance_to_outfall,7633.495871875001,0.0142516018822789
distance_to_outfall,7658.333710937502,0.0144841838628053
distance_to_outfall,7683.17155,0.0147236669436097
distance_to_outfall,7708.009389062502,0.0149702616035938
distance_to_outfall,7732.847228125001,0.0152241885662078
distance_to_outfall,7757.685067187501,0.0154856787994503
distance_to_outfall,7782.522906250001,0.015754971653223
distance_to_outfall,7807.360745312501,0.016032313928008
distance_to_outfall,7832.198584375002,0.0163179636001586
distance_to_outfall,7857.0364234375,0.0166121870279312
distance_to_outfall,7881.8742625,0.0169152561575174
distance_to_outfall,7906.7121015625025,0.017227467149496
distance_to_outfall,7931.549940625001,0.0175491143018007
distance_to_outfall,7956.387779687501,0.0178805068135261
distance_to_outfall,7981.22561875,0.018221965059638
distance_to_outfall,8006.063457812502,0.018573822453618
distance_to_outfall,8030.901296875002,0.0189364235848188
distance_to_outfall,8055.739135937501,0.0193101279437541
distance_to_outfall,8080.576975000001,0.0196953099220991
distance_to_outfall,8105.414814062501,0.0200923532247543
distance_to_outfall,8130.252653125001,0.0205016545951366
distance_to_outfall,8155.090492187502,0.0209236461669206
distance_to_outfall,8179.92833125,0.0213587507605552
distance_to_outfall,8204.766170312501,0.0218074321746826
distance_to_outfall,8229.604009375,0.0222701355814933
distance_to_outfall,8254.4418484375,0.0227473396807909
distance_to_outfall,8279.2796875,0.0232395827770233
distance_to_outfall,8304.1175265625,0.0237473715096712
distance_to_outfall,8328.955365625001,0.0242712534964084
distance_to_outfall,8353.7932046875,0.0248117893934249
distance_to_outfall,8378.63104375,0.025369569659233
distance_to_outfall,8403.468882812502,0.0259452033787965
distance_to_outfall,8428.306721875,0.0265393275767564
distance_to_outfall,8453.1445609375,0.0271526016294956
distance_to_outfall,8477.982399999999,0.0277857091277837
distance_to_outfall,8502.820239062501,0.028439363464713
distance_to_outfall,8527.658078125001,0.0291143078356981
distance_to_outfall,8552.4959171875,0.0298113096505403
distance_to_outfall,8577.33375625,0.0305311698466539
distance_to_outfall,8602.1715953125,0.0312747247517108
distance_to_outfall,8627.009434375,0.0320428349077701
distance_to_outfall,8651.847273437501,0.0328364036977291
distance_to_outfall,8676.6851125,0.0336563661694526
distance_to_outfall,8701.522951562501,0.0345036946237087
distance_to_outfall,8726.360790625,0.035379372537136
distance_to_outfall,8751.1986296875,0.0362845100462436
distance_to_outfall,8776.03646875,0.0372201800346374
distance_to_outfall,8800.8743078125,0.0381875112652778
distance_to_outfall,8825.712146875001,0.0391876958310604
distance_to_outfall,8850.5499859375,0.0402219630777835
distance_to_outfall,8875.387825,0.0412915907800197
distance_to_outfall,8900.225664062502,0.0423979125916957
distance_to_outfall,8925.063503125,0.0435423180460929
distance_to_outfall,8949.9013421875,0.0447262451052665
distance_to_outfall,8974.73918125,0.0459511913359165
distance_to_outfall,8999.577020312501,0.0472187213599681
distance_to_outfall,9024.414859375,0.0485304556787014
distance_to_outfall,9049.2526984375,0.0498880743980407
distance_to_outfall,9074.0905375,0.0512933395802974
distance_to_outfall,9098.9283765625,0.0527480691671371
distance_to_outfall,9123.766215625,0.0542541593313217
distance_to_outfall,9148.6040546875,0.0558135882019996
distance_to_outfall,9173.44189375,0.0574283376336097
distance_to_outfall,9198.279732812502,0.0591006614267826
distance_to_outfall,9223.117571875,0.0608327202498912
distance_to_outfall,9247.9554109375,0.0626268163323402
distance_to_outfall,9272.79325,0.0644853338599205
distance_to_outfall,9297.6310890625,0.0664107650518417
distance_to_outfall,9322.468928125,0.068405695259571
distance_to_outfall,9347.3067671875,0.070472814142704
distance_to_outfall,9372.14460625,0.0726148933172226
distance_to_outfall,9396.982445312502,0.0748348385095596
distance_to_outfall,9421.820284375,0.0771356523036956
distance_to_outfall,9446.6581234375,0.0795204490423202
distance_to_outfall,9471.4959625,0.0819924771785736
distance_to_outfall,9496.3338015625,0.0845550820231437
distance_to_outfall,9521.171640625002,0.08721175044775
distance_to_outfall,9546.0094796875,0.0899660885334014
distance_to_outfall,9570.84731875,0.0928218364715576
distance_to_outfall,9595.6851578125,0.09578288346529
distance_to_outfall,9620.522996875,0.0988532230257988
distance_to_outfall,9645.3608359375,0.1020369008183479
distance_to_outfall,9670.198675,0.105338454246521
distance_to_outfall,9695.0365140625,0.1087622046470642
distance_to_outfall,9719.874353125,0.1123127564787864
distance_to_outfall,9744.7121921875,0.1159948408603668
distance_to_outfall,9769.55003125,0.1198133677244186
distance_to_outfall,9794.3878703125,0.1237733885645866
distance_to_outfall,9819.225709375,0.127880111336708
distance_to_outfall,9844.0635484375,0.1321388930082321
distance_to_outfall,9868.9013875,0.1365552544593811
distance_to_outfall,9893.7392265625,0.141134887933731
distance_to_outfall,9918.577065625,0.1458836048841476
distance_to_outfall,9943.4149046875,0.1508073955774307
distance_to_outfall,9968.25274375,0.155912384390831
distance_to_outfall,9993.0905828125,0.161204844713211
distance_to_outfall,10017.928421875002,0.1666911989450454
distance_to_outfall,10042.7662609375,0.1723779588937759
distance_to_outfall,10067.6041,0.1782718002796173
distance_to_outfall,10092.4419390625,0.1843795031309127
distance_to_outfall,10117.279778125,0.1907076686620712
distance_to_outfall,10142.1176171875,0.1972637772560119
distance_to_outfall,10166.95545625,0.2040546089410781
distance_to_outfall,10191.7932953125,0.2110872268676757
distance_to_outfall,10216.631134375002,0.2183687686920166
distance_to_outfall,10241.4689734375,0.2259063124656677
distance_to_outfall,10266.3068125,0.233706995844841
distance_to_outfall,10291.1446515625,0.2417778372764587
distance_to_outfall,10315.982490625,0.2501257956027984
distance_to_outfall,10340.820329687502,0.2587577104568481
distance_to_outfall,10365.65816875,0.2616992592811584
distance_to_outfall,10390.4960078125,0.2616992592811584
distance_to_outfall,10415.333846875,0.2616992592811584
distance_to_outfall,10440.1716859375,0.2616992592811584
distance_to_outfall,10465.009525,0.2616992592811584
distance_to_outfall,10489.8473640625,0.2616992592811584
distance_to_outfall,10514.685203125002,0.2616992592811584
distance_to_outfall,10539.5230421875,0.2616992592811584
distance_to_outfall,10564.36088125,0.2616992592811584
distance_to_outfall,10589.1987203125,0.2616992592811584
distance_to_outfall,10614.036559375,0.2616992592811584
distance_to_outfall,10638.8743984375,0.2616992592811584
distance_to_outfall,10663.7122375,0.2616992592811584
distance_to_outfall,10688.5500765625,0.2616992592811584
distance_to_outfall,10713.387915625002,0.2616992592811584
distance_to_outfall,10738.2257546875,0.2616992592811584
distance_to_outfall,10763.06359375,0.2616992592811584
distance_to_outfall,10787.9014328125,0.2616992592811584
distance_to_outfall,10812.739271875002,0.2616992592811584
distance_to_outfall,10837.577110937502,0.2616992592811584
distance_to_outfall,10862.41495,0.2616992592811584
distance_to_outfall,10887.2527890625,0.2616992592811584
distance_to_outfall,10912.090628125,0.2616992592811584
distance_to_outfall,10936.9284671875,0.2616992592811584
distance_to_outfall,10961.76630625,0.2616992592811584
distance_to_outfall,10986.6041453125,0.2616992592811584
distance_to_outfall,11011.441984375002,0.2616992592811584
distance_to_outfall,11036.2798234375,0.2616992592811584
distance_to_outfall,11061.1176625,0.2616992592811584
distance_to_outfall,11085.9555015625,0.2616992592811584
distance_to_outfall,11110.793340625,0.2616992592811584
distance_to_outfall,11135.631179687502,0.2616992592811584
distance_to_outfall,11160.46901875,0.2616992592811584
distance_to_outfall,11185.3068578125,0.2616992592811584
distance_to_outfall,11210.144696875002,0.2616992592811584
distance_to_outfall,11234.9825359375,0.2616992592811584
distance_to_outfall,11259.820375,0.2616992592811584
distance_to_outfall,11284.6582140625,0.2616992592811584
distance_to_outfall,11309.496053125,0.2616992592811584
distance_to_outfall,11334.333892187502,0.2616992592811584
distance_to_outfall,11359.17173125,0.2616992592811584
distance_to_outfall,11384.0095703125,0.2616992592811584
distance_to_streams,-153.70799560546874,0.8449231386184692
distance_to_streams,-150.01900371093748,0.8449231386184692
distance_to_streams,-146.33001181640623,0.8449231386184692
distance_to_streams,-142.641019921875,0.8449231386184692
distance_to_streams,-138.95202802734374,0.8449231386184692
distance_to_streams,-135.2630361328125,0.8449231386184692
distance_to_streams,-131.57404423828123,0.8449231386184692
distance_to_streams,-127.88505234375,0.8449231386184692
distance_to_streams,-124.19606044921872,0.8449231386184692
distance_to_streams,-120.50706855468748,0.8449231386184692
distance_to_streams,-116.81807666015624,0.8449231386184692
distance_to_streams,-113.12908476562498,0.8449231386184692
distance_to_streams,-109.44009287109373,0.8449231386184692
distance_to_streams,-105.7511009765625,0.8449231386184692
distance_to_streams,-102.06210908203124,0.8449231386184692
distance_to_streams,-98.3731171875,0.8449231386184692
distance_to_streams,-94.68412529296872,0.8449231386184692
distance_to_streams,-90.99513339843747,0.8449231386184692
distance_to_streams,-87.30614150390623,0.8449231386184692
distance_to_streams,-83.61714960937499,0.8449231386184692
distance_to_streams,-79.92815771484373,0.8449231386184692
distance_to_streams,-76.23916582031248,0.8449231386184692
distance_to_streams,-72.55017392578124,0.8449231386184692
distance_to_streams,-68.86118203124998,0.8449231386184692
distance_to_streams,-65.17219013671873,0.8449231386184692
distance_to_streams,-61.48319824218749,0.8449231386184692
distance_to_streams,-57.79420634765624,0.8449231386184692
distance_to_streams,-54.10521445312499,0.8449231386184692
distance_to_streams,-50.41622255859373,0.8449231386184692
distance_to_streams,-46.72723066406248,0.8449231386184692
distance_to_streams,-43.03823876953123,0.8449231386184692
distance_to_streams,-39.34924687499999,0.8449231386184692
distance_to_streams,-35.660254980468736,0.8449231386184692
distance_to_streams,-31.97126308593748,0.8449231386184692
distance_to_streams,-28.282271191406224,0.8449231386184692
distance_to_streams,-24.593279296874982,0.8449231386184692
distance_to_streams,-20.904287402343726,0.8449231386184692
distance_to_streams,-17.21529550781247,0.8449231386184692
distance_to_streams,-13.526303613281245,0.8449231386184692
distance_to_streams,-9.837311718749987,0.8449231386184692
distance_to_streams,-6.148319824218731,0.8449231386184692
distance_to_streams,-2.4593279296874755,0.8449231386184692
distance_to_streams,1.2296639648437804,0.8446058630943298
distance_to_streams,4.918655859375008,0.8436559438705444
distance_to_streams,8.607647753906264,0.8427087664604187
distance_to_streams,12.29663964843752,0.8417644500732422
distance_to_streams,15.985631542968775,0.8408229947090149
distance_to_streams,19.67462343750003,0.8398845791816711
distance_to_streams,23.363615332031287,0.8389491438865662
distance_to_streams,27.052607226562515,0.8380168080329895
distance_to_streams,30.74159912109377,0.8370875716209412
distance_to_streams,34.430591015625026,0.8361614942550659
distance_to_streams,38.119582910156254,0.8352386951446533
distance_to_streams,41.80857480468754,0.8343191742897034
distance_to_streams,45.497566699218766,0.8334029912948608
distance_to_streams,49.18655859375002,0.8324901461601257
distance_to_streams,52.87555048828128,0.8315808176994324
distance_to_streams,56.564542382812505,0.830674946308136
distance_to_streams,60.25353427734379,0.8297725915908813
distance_to_streams,63.942526171875016,0.8288738131523132
distance_to_streams,67.63151806640627,0.8279787302017212
distance_to_streams,71.32050996093753,0.8270872831344604
distance_to_streams,75.00950185546876,0.8261995911598206
distance_to_streams,78.69849375000004,0.8253156542778015
distance_to_streams,82.38748564453127,0.8244355320930481
distance_to_streams,86.07647753906252,0.8235593438148499
distance_to_streams,89.76546943359378,0.822687029838562
distance_to_streams,93.454461328125,0.8218186497688293
distance_to_streams,97.14345322265628,0.8209542632102966
distance_to_streams,100.83244511718752,0.8200939893722534
distance_to_streams,104.52143701171876,0.8192377686500549
distance_to_streams,108.21042890625,0.818385660648346
distance_to_streams,111.89942080078129,0.8175377249717712
distance_to_streams,115.58841269531251,0.8166940212249756
distance_to_streams,119.2774045898438,0.815854549407959
distance_to_streams,122.96639648437504,0.8150193691253662
distance_to_streams,126.65538837890624,0.814188539981842
distance_to_streams,130.34438027343754,0.8133621215820312
distance_to_streams,134.03337216796876,0.8125400543212891
distance_to_streams,137.72236406250005,0.811722457408905
distance_to_streams,141.41135595703128,0.8109093904495239
distance_to_streams,145.1003478515625,0.810100793838501
distance_to_streams,148.7893397460938,0.8092967867851257
distance_to_streams,152.47833164062502,0.8084973692893982
distance_to_streams,156.1673235351563,0.8077026009559631
distance_to_streams,159.85631542968753,0.8069124817848206
distance_to_streams,163.54530732421875,0.8061270713806152
distance_to_streams,167.23429921875004,0.8053463697433472
distance_to_streams,170.92329111328127,0.8045704960823059
distance_to_streams,174.61228300781255,0.8037993907928467
distance_to_streams,178.30127490234378,0.8030331134796143
distance_to_streams,181.990266796875,0.8022717237472534
distance_to_streams,185.6792586914063,0.8015152812004089
distance_to_streams,189.36825058593752,0.800763726234436
distance_to_streams,193.0572424804688,0.8000171184539795
distance_to_streams,196.74623437500003,0.7992755174636841
distance_to_streams,200.4352262695313,0.7985389828681946
distance_to_streams,204.1242181640625,0.797807514667511
distance_to_streams,207.81321005859377,0.7970810532569885
distance_to_streams,211.502201953125,0.7963597774505615
distance_to_streams,215.19119384765628,0.7956436276435852
distance_to_streams,218.8801857421876,0.7949326038360596
distance_to_streams,222.5691776367188,0.7942268252372742
distance_to_streams,226.25816953125,0.793526291847229
distance_to_streams,229.94716142578125,0.7928310036659241
distance_to_streams,233.63615332031253,0.7921409606933594
distance_to_streams,237.3251452148438,0.7914562225341797
distance_to_streams,241.01413710937504,0.7907768487930298
distance_to_streams,244.70312900390627,0.7901028394699097
distance_to_streams,248.3921208984375,0.7894341945648193
distance_to_streams,252.0811127929688,0.7887709140777588
distance_to_streams,255.7701046875001,0.7881131172180176
distance_to_streams,259.4590965820313,0.7874607443809509
distance_to_streams,263.1480884765625,0.7868139147758484
distance_to_streams,266.83708037109375,0.7861725091934204
distance_to_streams,270.52607226562503,0.7855366468429565
distance_to_streams,274.2150641601563,0.7849063873291016
distance_to_streams,277.90405605468754,0.7842816114425659
distance_to_streams,281.5930479492188,0.7836624979972839
distance_to_streams,285.28203984375,0.7830489277839661
distance_to_streams,288.9710317382813,0.7824410200119019
distance_to_streams,292.66002363281257,0.7818387746810913
distance_to_streams,296.3490155273438,0.7812421917915344
distance_to_streams,300.038007421875,0.780651330947876
distance_to_streams,303.72699931640625,0.7800661325454712
distance_to_streams,307.41599121093753,0.7794867157936096
distance_to_streams,311.1049831054688,0.7789130210876465
distance_to_streams,314.79397500000005,0.7783451080322266
distance_to_streams,318.4829668945313,0.7777829766273499
distance_to_streams,322.1719587890625,0.7772266268730164
distance_to_streams,325.8609506835938,0.7766761183738708
distance_to_streams,329.54994257812507,0.7761314511299133
distance_to_streams,333.2389344726563,0.7755926251411438
distance_to_streams,336.9279263671875,0.775059700012207
distance_to_streams,340.61691826171875,0.774532675743103
distance_to_streams,344.30591015625004,0.7740115523338318
distance_to_streams,347.9949020507813,0.7734963297843933
distance_to_streams,351.68389394531255,0.7729870080947876
distance_to_streams,355.3728858398438,0.7724837064743042
distance_to_streams,359.06187773437506,0.7719863653182983
distance_to_streams,362.7508696289063,0.77149498462677
distance_to_streams,366.4398615234375,0.771009624004364
distance_to_streams,370.1288534179688,0.7705302834510803
distance_to_streams,373.8178453125001,0.770056962966919
distance_to_streams,377.5068372070313,0.7695896625518799
distance_to_streams,381.19582910156254,0.7691284418106079
distance_to_streams,384.88482099609377,0.7686732411384583
distance_to_streams,388.573812890625,0.7682241797447205
distance_to_streams,392.26280478515633,0.767781138420105
distance_to_streams,395.9517966796876,0.7673442959785461
distance_to_streams,399.6407885742188,0.7669134736061096
distance_to_streams,403.32978046875,0.7664888501167297
distance_to_streams,407.0187723632813,0.7660703659057617
distance_to_streams,410.7077642578126,0.7656580209732056
distance_to_streams,414.3967561523438,0.7652518153190613
distance_to_streams,418.08574804687504,0.7648518085479736
distance_to_streams,421.7747399414063,0.7644579410552979
distance_to_streams,425.4637318359375,0.7640703320503235
distance_to_streams,429.1527237304688,0.7636889219284058
distance_to_streams,432.84171562500006,0.7633137106895447
distance_to_streams,436.5307075195313,0.7629446983337402
distance_to_streams,440.2196994140625,0.7625819444656372
distance_to_streams,443.90869130859375,0.7622254490852356
distance_to_streams,447.5976832031251,0.7618752121925354
distance_to_streams,451.2866750976563,0.7615312337875366
distance_to_streams,454.97566699218754,0.7611935138702393
distance_to_streams,458.6646588867188,0.7608621120452881
distance_to_streams,462.35365078125,0.7605369687080383
distance_to_streams,466.0426426757813,0.7602181434631348
distance_to_streams,469.73163457031256,0.7599055767059326
distance_to_streams,473.4206264648438,0.7595993876457214
distance_to_streams,477.109618359375,0.7592994570732117
distance_to_streams,480.7986102539063,0.7590059041976929
distance_to_streams,484.4876021484376,0.7587186694145203
distance_to_streams,488.1765940429688,0.7584378123283386
distance_to_streams,491.8655859375,0.7581632733345032
distance_to_streams,495.55457783203127,0.7578950524330139
distance_to_streams,499.2435697265625,0.7576332688331604
distance_to_streams,502.9325616210938,0.7573778033256531
distance_to_streams,506.62155351562507,0.7571287155151367
distance_to_streams,510.3105454101563,0.7568860650062561
distance_to_streams,513.9995373046875,0.7566497325897217
distance_to_streams,517.6885291992187,0.756419837474823
distance_to_streams,521.3775210937501,0.7561963200569153
distance_to_streams,525.0665129882814,0.7559792399406433
distance_to_streams,528.7555048828126,0.7557685375213623
distance_to_streams,532.4444967773438,0.755564272403717
distance_to_streams,536.133488671875,0.7553663849830627
distance_to_streams,539.8224805664063,0.7551749348640442
distance_to_streams,543.5114724609375,0.7549899816513062
distance_to_streams,547.2004643554687,0.7548114061355591
distance_to_streams,550.88945625,0.7546392679214478
distance_to_streams,554.5784481445314,0.7544735670089722
distance_to_streams,558.2674400390624,0.7543143033981323
distance_to_streams,561.9564319335939,0.7541614770889282
distance_to_streams,565.6454238281251,0.7540151476860046
distance_to_streams,569.3344157226563,0.7538752555847168
distance_to_streams,573.0234076171876,0.7537418007850647
distance_to_streams,576.7123995117188,0.7536148428916931
distance_to_streams,580.40139140625,0.7534943222999573
distance_to_streams,584.0903833007812,0.7533802390098572
distance_to_streams,587.7793751953125,0.7532727122306824
distance_to_streams,591.4683670898439,0.7531715631484985
distance_to_streams,595.1573589843749,0.75307697057724
distance_to_streams,598.8463508789064,0.7529888153076172
distance_to_streams,602.5353427734376,0.7529071569442749
distance_to_streams,606.2243346679688,0.7528319358825684
distance_to_streams,609.9133265625001,0.7527632117271423
distance_to_streams,613.6023184570313,0.7527009844779968
distance_to_streams,617.2913103515625,0.7526452541351318
distance_to_streams,620.9803022460937,0.7525960206985474
distance_to_streams,624.669294140625,0.7525532245635986
distance_to_streams,628.3582860351564,0.7525169253349304
distance_to_streams,632.0472779296874,0.7524871230125427
distance_to_streams,635.7362698242189,0.7524638772010803
distance_to_streams,639.4252617187501,0.7524470090866089
distance_to_streams,643.1142536132813,0.7524366974830627
distance_to_streams,646.8032455078126,0.7524328827857971
distance_to_streams,650.4922374023438,0.752435564994812
distance_to_streams,654.181229296875,0.7524446845054626
distance_to_streams,657.8702211914062,0.7524603605270386
distance_to_streams,661.5592130859375,0.7524824738502502
distance_to_streams,665.2482049804689,0.7525110840797424
distance_to_streams,668.9371968749999,0.7525461912155151
distance_to_streams,672.6261887695314,0.7525877952575684
distance_to_streams,676.3151806640626,0.7526358962059021
distance_to_streams,680.0041725585938,0.7526904940605164
distance_to_streams,683.6931644531251,0.7527515292167664
distance_to_streams,687.3821563476563,0.7528190612792969
distance_to_streams,691.0711482421875,0.7528930902481079
distance_to_streams,694.7601401367187,0.7529736161231995
distance_to_streams,698.44913203125,0.7530605792999268
distance_to_streams,702.1381239257814,0.7531540393829346
distance_to_streams,705.8271158203124,0.7532539963722229
distance_to_streams,709.5161077148439,0.753360390663147
distance_to_streams,713.2050996093751,0.7534732818603516
distance_to_streams,716.8940915039063,0.7535926103591919
distance_to_streams,720.5830833984376,0.7537184357643127
distance_to_streams,724.2720752929688,0.7538506984710693
distance_to_streams,727.9610671875,0.7539894580841064
distance_to_streams,731.6500590820312,0.7541346549987793
distance_to_streams,735.3390509765625,0.7542862892150879
distance_to_streams,739.0280428710939,0.7544443607330322
distance_to_streams,742.7170347656249,0.7546088695526123
distance_to_streams,746.4060266601564,0.7547798752784729
distance_to_streams,750.0950185546876,0.7549573183059692
distance_to_streams,753.7840104492188,0.7551411390304565
distance_to_streams,757.4730023437501,0.7553313970565796
distance_to_streams,761.1619942382813,0.7555280923843384
distance_to_streams,764.8509861328125,0.7557312250137329
distance_to_streams,768.5399780273438,0.7559407949447632
distance_to_streams,772.228969921875,0.7561567425727844
distance_to_streams,775.9179618164064,0.7563790678977966
distance_to_streams,779.6069537109374,0.7566078305244446
distance_to_streams,783.2959456054689,0.7568429708480835
distance_to_streams,786.9849375000001,0.7570845484733582
distance_to_streams,790.6739293945313,0.757332444190979
distance_to_streams,794.3629212890626,0.7575867176055908
distance_to_streams,798.0519131835938,0.7578474283218384
distance_to_streams,801.740905078125,0.7581144571304321
distance_to_streams,805.4298969726563,0.7583878636360168
distance_to_streams,809.1188888671875,0.7586675882339478
distance_to_streams,812.8078807617189,0.7589536905288696
distance_to_streams,816.4968726562499,0.7592461109161377
distance_to_streams,820.1858645507814,0.759544849395752
distance_to_streams,823.8748564453126,0.7598499059677124
distance_to_streams,827.5638483398438,0.7601613402366638
distance_to_streams,831.2528402343751,0.7604790329933167
distance_to_streams,834.9418321289063,0.7608030438423157
distance_to_streams,838.6308240234375,0.7611333131790161
distance_to_streams,842.3198159179688,0.7614699006080627
distance_to_streams,846.0088078125,0.7618127465248108
distance_to_streams,849.6977997070314,0.7621618509292603
distance_to_streams,853.3867916015624,0.7625172734260559
distance_to_streams,857.0757834960939,0.7628788948059082
distance_to_streams,860.7647753906251,0.7632467150688171
distance_to_streams,864.4537672851563,0.7636207938194275
distance_to_streams,868.1427591796876,0.7640011310577393
distance_to_streams,871.8317510742188,0.7643876075744629
distance_to_streams,875.52074296875,0.7647803425788879
distance_to_streams,879.2097348632813,0.7651792168617249
distance_to_streams,882.8987267578125,0.7655843496322632
distance_to_streams,886.5877186523437,0.7659955620765686
distance_to_streams,890.2767105468749,0.7664129734039307
distance_to_streams,893.9657024414062,0.7668365240097046
distance_to_streams,897.6546943359374,0.7672661542892456
distance_to_streams,901.3436862304688,0.7677019834518433
distance_to_streams,905.032678125,0.7681438326835632
distance_to_streams,908.7216700195312,0.7685918211936951
distance_to_streams,912.4106619140624,0.769045889377594
distance_to_streams,916.0996538085938,0.76950603723526
distance_to_streams,919.788645703125,0.7699722647666931
distance_to_streams,923.4776375976562,0.7704445123672485
distance_to_streams,927.1666294921876,0.7709227800369263
distance_to_streams,930.8556213867188,0.7714070677757263
distance_to_streams,934.54461328125,0.7718973755836487
distance_to_streams,938.2336051757812,0.7723936438560486
distance_to_streams,941.9225970703126,0.772895872592926
distance_to_streams,945.6115889648438,0.773404061794281
distance_to_streams,949.3005808593748,0.7739182114601135
distance_to_streams,952.9895727539064,0.7744382619857788
distance_to_streams,956.6785646484376,0.7749642729759216
distance_to_streams,960.3675565429688,0.7754961252212524
distance_to_streams,964.0565484375002,0.776033878326416
distance_to_streams,967.7455403320312,0.7765774726867676
distance_to_streams,971.4345322265624,0.7771269679069519
distance_to_streams,975.123524121094,0.7776822447776794
distance_to_streams,978.8125160156252,0.7782433032989502
distance_to_streams,982.5015079101564,0.7788102030754089
distance_to_streams,986.1904998046872,0.7793828845024109
distance_to_streams,989.8794916992188,0.7799612879753113
distance_to_streams,993.56848359375,0.7805454134941101
distance_to_streams,997.2574754882812,0.7811352610588074
distance_to_streams,1000.9464673828128,0.7817308306694031
distance_to_streams,1004.6354592773436,0.7823320627212524
distance_to_streams,1008.3244511718748,0.7829389572143555
distance_to_streams,1012.0134430664064,0.7835514545440674
distance_to_streams,1015.7024349609376,0.784169614315033
distance_to_streams,1019.3914268554688,0.7847933173179626
distance_to_streams,1023.0804187499998,0.7854226231575012
distance_to_streams,1026.7694106445313,0.7860574722290039
distance_to_streams,1030.4584025390625,0.7866978645324707
distance_to_streams,1034.1473944335935,0.7873437404632568
distance_to_streams,1037.8363863281252,0.7879951596260071
distance_to_streams,1041.5253782226562,0.7886519432067871
distance_to_streams,1045.2143701171874,0.7893142104148865
distance_to_streams,1048.9033620117189,0.7899819016456604
distance_to_streams,1052.59235390625,0.7906549572944641
distance_to_streams,1056.2813458007813,0.7913333773612976
distance_to_streams,1059.9703376953123,0.7920171618461609
distance_to_streams,1063.6593295898438,0.7927061915397644
distance_to_streams,1067.348321484375,0.7934005260467529
distance_to_streams,1071.0373133789062,0.7941001653671265
distance_to_streams,1074.7263052734377,0.7948050498962402
distance_to_streams,1078.415297167969,0.7955150604248047
distance_to_streams,1082.1042890625,0.7962303161621094
distance_to_streams,1085.7932809570314,0.7969506978988647
distance_to_streams,1089.4822728515626,0.797676146030426
distance_to_streams,1093.1712647460938,0.7984067797660828
distance_to_streams,1096.8602566406248,0.7991424202919006
distance_to_streams,1100.5492485351565,0.7998830676078796
distance_to_streams,1104.2382404296875,0.8006287813186646
distance_to_streams,1107.9272323242187,0.8013794422149658
distance_to_streams,1111.6162242187502,0.8021349906921387
distance_to_streams,1115.3052161132812,0.8028954863548279
distance_to_streams,1118.9942080078124,0.8036609292030334
distance_to_streams,1122.683199902344,0.804431140422821
distance_to_streams,1126.372191796875,0.8052061796188354
distance_to_streams,1130.0611836914063,0.8059859871864319
distance_to_streams,1133.7501755859373,0.8067705035209656
distance_to_streams,1137.4391674804688,0.8075597882270813
distance_to_streams,1141.128159375,0.8083537817001343
distance_to_streams,1144.8171512695312,0.8091523051261902
distance_to_streams,1148.506143164063,0.8099555373191833
distance_to_streams,1152.1951350585937,0.8107632994651794
distance_to_streams,1155.884126953125,0.8115755915641785
distance_to_streams,1159.5731188476564,0.8123923540115356
distance_to_streams,1163.2621107421876,0.813213586807251
distance_to_streams,1166.9511026367188,0.8140392303466797
distance_to_streams,1170.6400945312498,0.8148693442344666
distance_to_streams,1174.3290864257813,0.8157036900520325
distance_to_streams,1178.0180783203125,0.816542387008667
distance_to_streams,1181.7070702148435,0.8173853158950806
distance_to_streams,1185.3960621093752,0.818232536315918
distance_to_streams,1189.0850540039062,0.8190838694572449
distance_to_streams,1192.7740458984374,0.8199393153190613
distance_to_streams,1196.4630377929689,0.820798933506012
distance_to_streams,1200.1520296875,0.8216625452041626
distance_to_streams,1203.841021582031,0.822530210018158
distance_to_streams,1207.5300134765623,0.8234018087387085
distance_to_streams,1211.2190053710938,0.8242773413658142
distance_to_streams,1214.907997265625,0.8251567482948303
distance_to_streams,1218.5969891601562,0.8260399699211121
distance_to_streams,1222.2859810546877,0.8269270062446594
distance_to_streams,1225.974972949219,0.8278177380561829
distance_to_streams,1229.66396484375,0.8287122249603271
distance_to_streams,1233.3529567382814,0.829610288143158
distance_to_streams,1237.0419486328126,0.8305120468139648
distance_to_streams,1240.7309405273438,0.8314172625541687
distance_to_streams,1244.4199324218748,0.8323259949684143
distance_to_streams,1248.1089243164065,0.8332381844520569
distance_to_streams,1251.7979162109375,0.8341537714004517
distance_to_streams,1255.4869081054687,0.8350726962089539
distance_to_streams,1259.1759000000002,0.8359948992729187
distance_to_streams,1262.8648918945314,0.8369203805923462
distance_to_streams,1266.5538837890624,0.8378490209579468
distance_to_streams,1270.2428756835936,0.8387808799743652
distance_to_streams,1273.931867578125,0.8397157192230225
distance_to_streams,1277.6208594726563,0.840653657913208
distance_to_streams,1281.3098513671875,0.8415945172309875
distance_to_streams,1284.9988432617188,0.8425383567810059
distance_to_streams,1288.68783515625,0.8434849977493286
distance_to_streams,1292.3768270507812,0.8444344401359558
distance_to_streams,1296.065818945313,0.8453866839408875
distance_to_streams,1299.754810839844,0.8463415503501892
distance_to_streams,1303.443802734375,0.8472990989685059
distance_to_streams,1307.132794628906,0.8482592105865479
distance_to_streams,1310.8217865234376,0.8492218255996704
distance_to_streams,1314.5107784179688,0.8501868844032288
distance_to_streams,1318.1997703125,0.8511543869972229
distance_to_streams,1321.8887622070313,0.8521241545677185
distance_to_streams,1325.5777541015625,0.8530962467193604
distance_to_streams,1329.2667459960935,0.8540704846382141
distance_to_streams,1332.9557378906252,0.8550469279289246
distance_to_streams,1336.6447297851564,0.8560254573822021
distance_to_streams,1340.3337216796874,0.8570059537887573
distance_to_streams,1344.0227135742186,0.8579883575439453
distance_to_streams,1347.71170546875,0.8589727282524109
distance_to_streams,1351.400697363281,0.8599588871002197
distance_to_streams,1355.0896892578126,0.8609468340873718
distance_to_streams,1358.7786811523438,0.8619363903999329
distance_to_streams,1362.467673046875,0.8629276156425476
distance_to_streams,1366.1566649414062,0.8639203906059265
distance_to_streams,1369.8456568359377,0.8649146556854248
distance_to_streams,1373.534648730469,0.8659102916717529
distance_to_streams,1377.223640625,0.8669072985649109
distance_to_streams,1380.9126325195311,0.8679055571556091
distance_to_streams,1384.6016244140626,0.8689050078392029
distance_to_streams,1388.2906163085938,0.8699055910110474
distance_to_streams,1391.979608203125,0.8709072470664978
distance_to_streams,1395.6686000976565,0.8719099164009094
distance_to_streams,1399.3575919921875,0.8729134202003479
distance_to_streams,1403.0465838867187,0.873917818069458
distance_to_streams,1406.7355757812502,0.8749229907989502
distance_to_streams,1410.4245676757814,0.8759288191795349
distance_to_streams,1414.1135595703124,0.8769352436065674
distance_to_streams,1417.8025514648436,0.8779422640800476
distance_to_streams,1421.491543359375,0.8789497017860413
distance_to_streams,1425.1805352539063,0.8799575567245483
distance_to_streams,1428.8695271484376,0.8809656500816345
distance_to_streams,1432.5585190429688,0.8819740414619446
distance_to_streams,1436.2475109375,0.8829825520515442
distance_to_streams,1439.9365028320312,0.8839911818504333
distance_to_streams,1443.6254947265627,0.8849997520446777
distance_to_streams,1447.314486621094,0.8860082626342773
distance_to_streams,1451.003478515625,0.8870165944099426
distance_to_streams,1454.692470410156,0.8880246877670288
distance_to_streams,1458.3814623046876,0.8890324831008911
distance_to_streams,1462.0704541992188,0.89003986120224
distance_to_streams,1465.75944609375,0.8910467028617859
distance_to_streams,1469.4484379882813,0.8920530676841736
distance_to_streams,1473.1374298828125,0.893058717250824
distance_to_streams,1476.8264217773435,0.8940635919570923
distance_to_streams,1480.5154136718752,0.8950677514076233
distance_to_streams,1484.2044055664064,0.8960709571838379
distance_to_streams,1487.8933974609374,0.8970732092857361
distance_to_streams,1491.5823893554686,0.8980743288993835
distance_to_streams,1495.27138125,0.899074375629425
distance_to_streams,1498.960373144531,0.9000731110572815
distance_to_streams,1502.6493650390626,0.9010705947875975
distance_to_streams,1506.3383569335938,0.9020666480064392
distance_to_streams,1510.027348828125,0.9030612111091614
distance_to_streams,1513.7163407226562,0.9040542244911194
distance_to_streams,1517.4053326171877,0.9050455689430236
distance_to_streams,1521.094324511719,0.9060351848602296
distance_to_streams,1524.78331640625,0.9070228934288024
distance_to_streams,1528.4723083007812,0.9080087542533876
distance_to_streams,1532.1613001953126,0.90899258852005
distance_to_streams,1535.8502920898438,0.9099743366241456
distance_to_streams,1539.539283984375,0.910301148891449
distance_to_streams,1543.2282758789063,0.910301148891449
distance_to_streams,1546.9172677734375,0.910301148891449
distance_to_streams,1550.6062596679687,0.910301148891449
distance_to_streams,1554.2952515625002,0.910301148891449
distance_to_streams,1557.9842434570314,0.910301148891449
distance_to_streams,1561.6732353515624,0.910301148891449
distance_to_streams,1565.3622272460937,0.910301148891449
distance_to_streams,1569.051219140625,0.910301148891449
distance_to_streams,1572.7402110351563,0.910301148891449
distance_to_streams,1576.4292029296876,0.910301148891449
distance_to_streams,1580.1181948242188,0.910301148891449
distance_to_streams,1583.80718671875,0.910301148891449
distance_to_streams,1587.4961786132812,0.910301148891449
distance_to_streams,1591.1851705078127,0.910301148891449
distance_to_streams,1594.874162402344,0.910301148891449
distance_to_streams,1598.563154296875,0.910301148891449
distance_to_streams,1602.2521461914062,0.910301148891449
distance_to_streams,1605.9411380859376,0.910301148891449
distance_to_streams,1609.6301299804688,0.910301148891449
distance_to_streams,1613.319121875,0.910301148891449
distance_to_streams,1617.0081137695313,0.910301148891449
distance_to_streams,1620.6971056640623,0.910301148891449
distance_to_streams,1624.3860975585935,0.910301148891449
distance_to_streams,1628.0750894531252,0.910301148891449
distance_to_streams,1631.7640813476564,0.910301148891449
distance_to_streams,1635.4530732421874,0.910301148891449
distance_to_streams,1639.1420651367189,0.910301148891449
distance_to_streams,1642.83105703125,0.910301148891449
distance_to_streams,1646.520048925781,0.910301148891449
distance_to_streams,1650.2090408203126,0.910301148891449
distance_to_streams,1653.8980327148438,0.910301148891449
distance_to_streams,1657.587024609375,0.910301148891449
distance_to_streams,1661.2760165039062,0.910301148891449
distance_to_streams,1664.9650083984377,0.910301148891449
distance_to_streams,1668.654000292969,0.910301148891449
distance_to_streams,1672.3429921875,0.910301148891449
distance_to_streams,1676.0319840820312,0.910301148891449
distance_to_streams,1679.7209759765626,0.910301148891449
distance_to_streams,1683.4099678710938,0.910301148891449
distance_to_streams,1687.098959765625,0.910301148891449
distance_to_streams,1690.7879516601563,0.910301148891449
drainage_density,-0.4960299968719507,0.3966045379638672
drainage_density,-0.484125276947024,0.3966045379638672
drainage_density,-0.4722205570220972,0.3966045379638672
drainage_density,-0.4603158370971705,0.3966045379638672
drainage_density,-0.4484111171722437,0.3966045379638672
drainage_density,-0.4365063972473169,0.3966045379638672
drainage_density,-0.4246016773223902,0.3966045379638672
drainage_density,-0.4126969573974634,0.3966045379638672
drainage_density,-0.4007922374725366,0.3966045379638672
drainage_density,-0.3888875175476098,0.3966045379638672
drainage_density,-0.3769827976226831,0.3966045379638672
drainage_density,-0.3650780776977563,0.3966045379638672
drainage_density,-0.3531733577728296,0.3966045379638672
drainage_density,-0.3412686378479028,0.3966045379638672
drainage_density,-0.3293639179229761,0.3966045379638672
drainage_density,-0.3174591979980493,0.3966045379638672
drainage_density,-0.3055544780731225,0.3966045379638672
drainage_density,-0.2936497581481958,0.3966045379638672
drainage_density,-0.281745038223269,0.3966045379638672
drainage_density,-0.2698403182983422,0.3966045379638672
drainage_density,-0.2579355983734155,0.3966045379638672
drainage_density,-0.2460308784484887,0.3966045379638672
drainage_density,-0.234126158523562,0.3966045379638672
drainage_density,-0.2222214385986352,0.3966045379638672
drainage_density,-0.2103167186737085,0.3966045379638672
drainage_density,-0.1984119987487816,0.3966045379638672
drainage_density,-0.1865072788238549,0.3966045379638672
drainage_density,-0.1746025588989281,0.3966045379638672
drainage_density,-0.1626978389740014,0.3966045379638672
drainage_density,-0.1507931190490746,0.3966045379638672
drainage_density,-0.1388883991241478,0.3966045379638672
drainage_density,-0.1269836791992211,0.3966045379638672
drainage_density,-0.1150789592742943,0.3966045379638672
drainage_density,-0.1031742393493675,0.3966045379638672
drainage_density,-0.0912695194244408,0.3966045379638672
drainage_density,-0.079364799499514,0.3966045379638672
drainage_density,-0.0674600795745872,0.3966045379638672
drainage_density,-0.0555553596496605,0.3966045379638672
drainage_density,-0.0436506397247337,0.3966045379638672
drainage_density,-0.031745919799807,0.3966045379638672
drainage_density,-0.0198411998748802,0.3966045379638672
drainage_density,-0.0079364799499535,0.3966045379638672
drainage_density,0.0039682399749733,0.3974551260471344
drainage_density,0.0158729598999,0.4000086188316345
drainage_density,0.0277776798248267,0.4025647342205047
drainage_density,0.0396823997497535,0.4051232635974884
drainage_density,0.0515871196746803,0.4076840877532959
drainage_density,0.063491839599607,0.4102470576763153
drainage_density,0.0753965595245337,0.4128120541572571
drainage_density,0.0873012794494605,0.4153788983821869
drainage_density,0.0992059993743874,0.4179474413394928
drainage_density,0.1111107192993141,0.4205175638198852
drainage_density,0.1230154392242409,0.4230891168117523
drainage_density,0.1349201591491677,0.4256619215011596
drainage_density,0.1468248790740945,0.4282358586788177
drainage_density,0.1587295989990211,0.4308107495307922
drainage_density,0.1706343189239479,0.4333864748477936
drainage_density,0.1825390388488747,0.4359629154205322
drainage_density,0.1944437587738014,0.4385398328304291
drainage_density,0.2063484786987282,0.4411171674728393
drainage_density,0.218253198623655,0.4436947405338287
drainage_density,0.2301579185485817,0.4462723731994629
drainage_density,0.2420626384735084,0.4488499760627746
drainage_density,0.2539673583984352,0.4514273405075073
drainage_density,0.265872078323362,0.4540043473243713
drainage_density,0.2777767982482889,0.4565808475017547
drainage_density,0.2896815181732156,0.4591566920280456
drainage_density,0.3015862380981424,0.4617317318916321
drainage_density,0.3134909580230691,0.4643058180809021
drainage_density,0.3253956779479959,0.4668788015842438
drainage_density,0.3373003978729226,0.4694505333900451
drainage_density,0.3492051177978494,0.4720208942890167
drainage_density,0.3611098377227762,0.4745896756649017
drainage_density,0.3730145576477029,0.477156788110733
drainage_density,0.3849192775726296,0.4797220528125763
drainage_density,0.3968239974975564,0.4822853505611419
drainage_density,0.4087287174224832,0.4848465025424957
drainage_density,0.4206334373474099,0.487405389547348
drainage_density,0.4325381572723367,0.4899618625640869
drainage_density,0.4444428771972635,0.4925157725811004
drainage_density,0.4563475971221903,0.4950669407844543
drainage_density,0.4682523170471169,0.4976153075695038
drainage_density,0.4801570369720437,0.5001606345176697
drainage_density,0.4920617568969705,0.5027028918266296
drainage_density,0.5039664768218974,0.5052418112754822
drainage_density,0.5158711967468241,0.5077773332595825
drainage_density,0.5277759166717508,0.5103092789649963
drainage_density,0.5396806365966775,0.5128375887870789
drainage_density,0.5515853565216042,0.5153619647026062
drainage_density,0.5634900764465312,0.5178824663162231
drainage_density,0.5753947963714579,0.5203987956047058
drainage_density,0.5872995162963845,0.5229108929634094
drainage_density,0.5992042362213115,0.5254185795783997
drainage_density,0.6111089561462382,0.527921736240387
drainage_density,0.6230136760711649,0.5304203033447266
drainage_density,0.6349183959960916,0.5329140424728394
drainage_density,0.6468231159210183,0.5354028940200806
drainage_density,0.6587278358459452,0.5378866195678711
drainage_density,0.6706325557708719,0.5403652191162109
drainage_density,0.6825372756957988,0.5428385138511658
drainage_density,0.6944419956207255,0.545306384563446
drainage_density,0.7063467155456522,0.5477686524391174
drainage_density,0.7182514354705789,0.5502252578735352
drainage_density,0.7301561553955056,0.5526760220527649
drainage_density,0.7420608753204325,0.5551208853721619
drainage_density,0.7539655952453592,0.5575596690177917
drainage_density,0.7658703151702861,0.559992253780365
drainage_density,0.7777750350952128,0.562418520450592
drainage_density,0.7896797550201398,0.5648383498191833
drainage_density,0.8015844749450662,0.5672516822814941
drainage_density,0.8134891948699929,0.5696583390235901
drainage_density,0.8253939147949199,0.5720582008361816
drainage_density,0.8372986347198466,0.574451208114624
drainage_density,0.8492033546447735,0.5768371820449829
drainage_density,0.8611080745697002,0.5792160034179688
drainage_density,0.8730127944946271,0.5815876722335815
drainage_density,0.8849175144195536,0.5839519500732422
drainage_density,0.8968222343444803,0.5863088369369507
drainage_density,0.9087269542694072,0.5886580944061279
drainage_density,0.920631674194334,0.5909997820854187
drainage_density,0.9325363941192608,0.5933336615562439
drainage_density,0.9444411140441876,0.5956596732139587
drainage_density,0.9563458339691142,0.5979777574539185
drainage_density,0.9682505538940412,0.6002877354621887
drainage_density,0.9801552738189676,0.6025895476341248
drainage_density,0.9920599937438944,0.6048831343650818
drainage_density,1.0039647136688212,0.6071683168411255
drainage_density,1.0158694335937482,0.6094450950622559
drainage_density,1.0277741535186748,0.6117132902145386
drainage_density,1.0396788734436015,0.6139729022979736
drainage_density,1.0515835933685285,0.6162237524986267
drainage_density,1.063488313293455,0.6184658408164978
drainage_density,1.075393033218382,0.6206989884376526
drainage_density,1.0872977531433086,0.6229231357574463
drainage_density,1.0992024730682357,0.6251382827758789
drainage_density,1.1111071929931622,0.6273441910743713
drainage_density,1.1230119129180889,0.6295409202575684
drainage_density,1.1349166328430158,0.6317283511161804
drainage_density,1.1468213527679425,0.633906364440918
drainage_density,1.1587260726928692,0.636074960231781
drainage_density,1.170630792617796,0.6382339596748352
drainage_density,1.1825355125427226,0.6403833627700806
drainage_density,1.1944402324676495,0.6425231099128723
drainage_density,1.2063449523925762,0.6446530818939209
drainage_density,1.2182496723175031,0.6467732191085815
drainage_density,1.2301543922424298,0.6488835215568542
drainage_density,1.2420591121673563,0.6509838104248047
drainage_density,1.2539638320922832,0.6530740857124329
drainage_density,1.26586855201721,0.655154287815094
drainage_density,1.2777732719421369,0.6572244167327881
drainage_density,1.2896779918670636,0.659284234046936
drainage_density,1.3015827117919905,0.6613338589668274
drainage_density,1.3134874317169172,0.6633731722831726
drainage_density,1.325392151641844,0.6654021143913269
drainage_density,1.3372968715667706,0.6674206256866455
drainage_density,1.3492015914916973,0.6694286465644836
drainage_density,1.3611063114166242,0.6714261770248413
drainage_density,1.373011031341551,0.6734131574630737
drainage_density,1.3849157512664778,0.6753894686698914
drainage_density,1.3968204711914043,0.6773551106452942
drainage_density,1.4087251911163314,0.6793100833892822
drainage_density,1.420629911041258,0.6812542676925659
drainage_density,1.4325346309661846,0.6831876635551453
drainage_density,1.4444393508911115,0.6851102709770203
drainage_density,1.4563440708160382,0.6870219707489014
drainage_density,1.4682487907409651,0.6889227628707886
drainage_density,1.4801535106658918,0.6908126473426819
drainage_density,1.4920582305908183,0.6926915049552917
drainage_density,1.5039629505157457,0.6945593953132629
drainage_density,1.515867670440672,0.6964162588119507
drainage_density,1.527772390365599,0.6982620358467102
drainage_density,1.5396771102905258,0.7000966668128967
drainage_density,1.5515818302154525,0.7019202709197998
drainage_density,1.5634865501403787,0.7037326693534851
drainage_density,1.575391270065306,0.7055338621139526
drainage_density,1.5872959899902326,0.7073239088058472
drainage_density,1.5992007099151593,0.7091027498245239
drainage_density,1.611105429840086,0.7108703255653381
drainage_density,1.6230101497650131,0.7126266956329346
drainage_density,1.6349148696899398,0.7143717408180237
drainage_density,1.6468195896148663,0.7161055207252502
drainage_density,1.6587243095397932,0.7178280353546143
drainage_density,1.67062902946472,0.7195391654968262
drainage_density,1.682533749389647,0.7212390303611755
drainage_density,1.6944384693145738,0.7229275703430176
drainage_density,1.7063431892395005,0.7246047258377075
drainage_density,1.7182479091644272,0.7262704968452454
drainage_density,1.7301526290893534,0.7279249429702759
drainage_density,1.7420573490142806,0.7295680642127991
drainage_density,1.7539620689392073,0.7311997413635254
drainage_density,1.765866788864134,0.7328200936317444
drainage_density,1.7777715087890609,0.7344290614128113
drainage_density,1.7896762287139871,0.7360266447067261
drainage_density,1.8015809486389145,0.7376128435134888
drainage_density,1.8134856685638407,0.7391877174377441
drainage_density,1.825390388488768,0.7407511472702026
drainage_density,1.8372951084136944,0.7423032522201538
drainage_density,1.8491998283386215,0.7438439726829529
drainage_density,1.8611045482635484,0.7453733682632446
drainage_density,1.8730092681884751,0.7468913197517395
drainage_density,1.8849139881134016,0.7483980059623718
drainage_density,1.8968187080383283,0.749893307685852
drainage_density,1.9087234279632552,0.7513773441314697
drainage_density,1.920628147888182,0.7528499960899353
drainage_density,1.9325328678131088,0.7543113827705383
drainage_density,1.9444375877380355,0.755761444568634
drainage_density,1.956342307662962,0.7572002410888672
drainage_density,1.9682470275878887,0.7586277723312378
drainage_density,1.980151747512816,0.7600440382957458
drainage_density,1.9920564674377423,0.7614490985870361
drainage_density,2.0039611873626693,0.7628429532051086
drainage_density,2.0158659072875964,0.7642255425453186
drainage_density,2.027770627212523,0.7655969858169556
drainage_density,2.03967534713745,0.7669572830200195
drainage_density,2.0515800670623765,0.7683064341545105
drainage_density,2.063484786987303,0.7696444392204285
drainage_density,2.0753895069122303,0.7709713578224182
drainage_density,2.0872942268371566,0.7722871899604797
drainage_density,2.0991989467620837,0.7735919952392578
drainage_density,2.11110366668701,0.7748857736587524
drainage_density,2.1230083866119367,0.7761685252189636
drainage_density,2.134913106536864,0.7774402499198914
drainage_density,2.1468178264617905,0.7787010669708252
drainage_density,2.158722546386717,0.7799509763717651
drainage_density,2.170627266311644,0.7811899185180664
drainage_density,2.18253198623657,0.7824180126190186
drainage_density,2.1944367061614978,0.7836353182792664
drainage_density,2.2063414260864245,0.7848417162895203
drainage_density,2.218246146011351,0.7860373854637146
drainage_density,2.230150865936278,0.7872222661972046
drainage_density,2.242055585861205,0.788396418094635
drainage_density,2.253960305786132,0.7895599007606506
drainage_density,2.265865025711058,0.7907127141952515
drainage_density,2.2777697456359847,0.7918548583984375
drainage_density,2.289674465560912,0.7929864525794983
drainage_density,2.3015791854858385,0.7941074371337891
drainage_density,2.313483905410765,0.7952178716659546
drainage_density,2.325388625335692,0.7963178753852844
drainage_density,2.3372933452606186,0.797407329082489
drainage_density,2.3491980651855453,0.7984864115715027
drainage_density,2.3611027851104724,0.7995550632476807
drainage_density,2.373007505035399,0.8006133437156677
drainage_density,2.384912224960326,0.8016613125801086
drainage_density,2.3968169448852525,0.8026989698410034
drainage_density,2.4087216648101792,0.8037263751029968
drainage_density,2.4206263847351064,0.8047435879707336
drainage_density,2.432531104660033,0.8057506084442139
drainage_density,2.44443582458496,0.8067474365234375
drainage_density,2.456340544509886,0.8077341914176941
drainage_density,2.468245264434813,0.8087108731269836
drainage_density,2.48014998435974,0.8096774816513062
drainage_density,2.4920547042846666,0.8106341361999512
drainage_density,2.5039594242095933,0.8115807771682739
drainage_density,2.51586414413452,0.812517523765564
drainage_density,2.527768864059447,0.8134444355964661
drainage_density,2.539673583984374,0.8143614530563354
drainage_density,2.5515783039093005,0.8152686357498169
drainage_density,2.563483023834227,0.8161660432815552
drainage_density,2.575387743759154,0.8170537948608398
drainage_density,2.587292463684081,0.8179317712783813
drainage_density,2.599197183609008,0.818800151348114
drainage_density,2.6111019035339345,0.8196588754653931
drainage_density,2.6230066234588607,0.8205080628395081
drainage_density,2.6349113433837874,0.8213476538658142
drainage_density,2.6468160633087146,0.8221778273582458
drainage_density,2.658720783233641,0.8229984641075134
drainage_density,2.670625503158568,0.8238096833229065
drainage_density,2.682530223083494,0.8246115446090698
drainage_density,2.694434943008422,0.8254041075706482
drainage_density,2.7063396629333485,0.8261873126029968
drainage_density,2.718244382858275,0.8269612193107605
drainage_density,2.730149102783202,0.8277259469032288
drainage_density,2.7420538227081286,0.8284814953804016
drainage_density,2.753958542633056,0.829227864742279
drainage_density,2.7658632625579824,0.8299651145935059
drainage_density,2.777767982482909,0.8306933045387268
drainage_density,2.789672702407836,0.8314124345779419
drainage_density,2.801577422332762,0.8321226239204407
drainage_density,2.813482142257689,0.8328238129615784
drainage_density,2.825386862182616,0.8335160613059998
drainage_density,2.8372915821075426,0.8341994881629944
drainage_density,2.8491963020324693,0.8348740339279175
drainage_density,2.861101021957396,0.8355397582054138
drainage_density,2.873005741882323,0.8361967206001282
drainage_density,2.88491046180725,0.8368449211120605
drainage_density,2.896815181732177,0.8374844789505005
drainage_density,2.9087199016571037,0.8381153345108032
drainage_density,2.9206246215820304,0.8387375473976135
drainage_density,2.932529341506957,0.839351236820221
drainage_density,2.944434061431884,0.8399562835693359
drainage_density,2.9563387813568105,0.8405528664588928
drainage_density,2.968243501281737,0.8411409854888916
drainage_density,2.980148221206664,0.8417205810546875
drainage_density,2.9920529411315906,0.8422918319702148
drainage_density,3.0039576610565173,0.8428546786308289
drainage_density,3.015862380981444,0.8434091806411743
drainage_density,3.0277671009063707,0.843955397605896
drainage_density,3.039671820831298,0.8444932699203491
drainage_density,3.0515765407562245,0.845022976398468
drainage_density,3.0634812606811512,0.8455443978309631
drainage_density,3.075385980606078,0.8460577130317688
drainage_density,3.0872907005310046,0.8465628623962402
drainage_density,3.099195420455932,0.8470598459243774
drainage_density,3.1111001403808585,0.8475488424301147
drainage_density,3.123004860305785,0.8480297327041626
drainage_density,3.134909580230712,0.8485025763511658
drainage_density,3.146814300155639,0.8489674925804138
drainage_density,3.1587190200805653,0.8494243621826172
drainage_density,3.170623740005492,0.8498733639717102
drainage_density,3.1825284599304187,0.8503144979476929
drainage_density,3.1944331798553454,0.8507477045059204
drainage_density,3.2063378997802725,0.8511731028556824
drainage_density,3.218242619705199,0.8515906929969788
drainage_density,3.230147339630126,0.8520004749298096
drainage_density,3.2420520595550526,0.8524025082588196
drainage_density,3.2539567794799797,0.8527967929840088
drainage_density,3.2658614994049064,0.8531834483146667
drainage_density,3.277766219329833,0.8535623550415039
drainage_density,3.28967093925476,0.8539336323738098
drainage_density,3.3015756591796865,0.8542972803115845
drainage_density,3.3134803791046137,0.8546533584594727
drainage_density,3.3253850990295404,0.8550018072128296
drainage_density,3.337289818954466,0.8553427457809448
drainage_density,3.3491945388793933,0.8556761145591736
drainage_density,3.36109925880432,0.8560020327568054
drainage_density,3.373003978729247,0.8563204407691956
drainage_density,3.384908698654174,0.8566313982009888
drainage_density,3.396813418579101,0.8569349050521851
drainage_density,3.4087181385040277,0.8572310209274292
drainage_density,3.420622858428954,0.8575197458267212
drainage_density,3.432527578353881,0.857801079750061
drainage_density,3.444432298278808,0.8580750823020935
drainage_density,3.4563370182037345,0.8583417534828186
drainage_density,3.468241738128661,0.8586010932922363
drainage_density,3.480146458053588,0.8588531613349915
drainage_density,3.492051177978515,0.8590978980064392
drainage_density,3.5039558979034418,0.8593354225158691
drainage_density,3.5158606178283685,0.8595656752586365
drainage_density,3.5277653377532947,0.8597887754440308
drainage_density,3.539670057678222,0.8600046038627625
drainage_density,3.551574777603149,0.8602132201194763
drainage_density,3.5634794975280752,0.8604147434234619
drainage_density,3.5753842174530024,0.8606089949607849
drainage_density,3.5872889373779286,0.8607962131500244
drainage_density,3.599193657302856,0.8609762191772461
drainage_density,3.611098377227782,0.8611491322517395
drainage_density,3.623003097152708,0.8613148927688599
drainage_density,3.634907817077635,0.8614736199378967
drainage_density,3.6468125370025626,0.8616252541542053
drainage_density,3.658717256927489,0.8617697954177856
drainage_density,3.670621976852416,0.8619073033332825
drainage_density,3.682526696777343,0.862037718296051
drainage_density,3.694431416702269,0.8621610999107361
drainage_density,3.706336136627197,0.8622774481773376
drainage_density,3.7182408565521223,0.8623868227005005
drainage_density,3.73014557647705,0.8624891042709351
drainage_density,3.742050296401977,0.8625844717025757
drainage_density,3.7539550163269033,0.862672746181488
drainage_density,3.7658597362518313,0.8627541065216064
drainage_density,3.7777644561767567,0.8628284335136414
drainage_density,3.789669176101684,0.8628957867622375
drainage_density,3.801573896026611,0.862956166267395
drainage_density,3.813478615951537,0.8630095720291138
drainage_density,3.825383335876464,0.8630560040473938
drainage_density,3.837288055801391,0.8630954623222351
drainage_density,3.849192775726318,0.8631279468536377
drainage_density,3.861097495651245,0.8631535172462463
drainage_density,3.873002215576171,0.8631721138954163
drainage_density,3.8849069355010974,0.8631837368011475
drainage_density,3.8968116554260246,0.8631884455680847
drainage_density,3.908716375350952,0.8631861209869385
drainage_density,3.920621095275879,0.8631769418716431
drainage_density,3.932525815200805,0.8631607294082642
drainage_density,3.944430535125732,0.8631376028060913
drainage_density,3.9563352550506576,0.8631075024604797
drainage_density,3.968239974975585,0.8630704283714294
drainage_density,3.980144694900512,0.8630263805389404
drainage_density,3.992049414825438,0.8629754185676575
drainage_density,4.003954134750366,0.862917423248291
drainage_density,4.015858854675292,0.8628525137901306
drainage_density,4.027763574600219,0.8627805709838867
drainage_density,4.039668294525146,0.8627017140388489
drainage_density,4.051573014450073,0.8626158237457275
drainage_density,4.063477734375,0.8625229001045227
drainage_density,4.075382454299926,0.8624230027198792
drainage_density,4.087287174224853,0.8623160719871521
drainage_density,4.09919189414978,0.8622021675109863
drainage_density,4.1110966140747065,0.8620812296867371
drainage_density,4.123001333999634,0.8619531989097595
drainage_density,4.134906053924561,0.8618181347846985
drainage_density,4.146810773849487,0.861676037311554
drainage_density,4.158715493774414,0.8615269064903259
drainage_density,4.17062021369934,0.8613706231117249
drainage_density,4.182524933624268,0.8612073063850403
drainage_density,4.194429653549195,0.8610368371009827
drainage_density,4.206334373474121,0.8608592748641968
drainage_density,4.218239093399048,0.8606746196746826
drainage_density,4.230143813323974,0.8604827523231506
drainage_density,4.2420485332489015,0.8602837920188904
drainage_density,4.253953253173829,0.8600776195526123
drainage_density,4.265857973098755,0.8598642349243164
drainage_density,4.277762693023682,0.8596436977386475
drainage_density,4.289667412948608,0.8594159483909607
drainage_density,4.301572132873536,0.8591809272766113
drainage_density,4.313476852798462,0.8589386343955994
drainage_density,4.325381572723388,0.8586891293525696
drainage_density,4.337286292648315,0.8584322929382324
drainage_density,4.349191012573241,0.8581681847572327
drainage_density,4.3610957324981685,0.8578967452049255
drainage_density,4.373000452423096,0.8576179146766663
drainage_density,4.384905172348022,0.8573317527770996
drainage_density,4.396809892272949,0.8570382595062256
drainage_density,4.408714612197875,0.8567372560501099
drainage_density,4.420619332122802,0.856428861618042
drainage_density,4.43252405204773,0.856113076210022
drainage_density,4.444428771972656,0.8557897806167603
drainage_density,4.456333491897583,0.8554589748382568
drainage_density,4.468238211822509,0.8551205992698669
drainage_density,4.480142931747436,0.8547747731208801
drainage_density,4.492047651672364,0.8544213175773621
drainage_density,4.50395237159729,0.8540602922439575
drainage_density,4.515857091522217,0.8536916971206665
drainage_density,4.527761811447144,0.8533154129981995
drainage_density,4.53966653137207,0.8529314398765564
drainage_density,4.5515712512969975,0.8525398373603821
drainage_density,4.563475971221924,0.852140486240387
drainage_density,4.575380691146851,0.851733386516571
drainage_density,4.587285411071778,0.8513184785842896
drainage_density,4.599190130996704,0.8508958220481873
drainage_density,4.611094850921631,0.8504652976989746
drainage_density,4.622999570846558,0.8500269055366516
drainage_density,4.634904290771485,0.8495806455612183
drainage_density,4.646809010696412,0.8491264581680298
drainage_density,4.658713730621338,0.8486643433570862
drainage_density,4.6706184505462645,0.8481942415237427
drainage_density,4.682523170471191,0.8477161526679993
drainage_density,4.694427890396118,0.8472299575805664
drainage_density,4.706332610321045,0.8467357754707336
drainage_density,4.718237330245971,0.8462334275245667
drainage_density,4.730142050170898,0.8457229733467102
drainage_density,4.742046770095825,0.8452043533325195
drainage_density,4.753951490020752,0.8446775078773499
drainage_density,4.765856209945679,0.8441424369812012
drainage_density,4.777760929870605,0.8435991406440735
drainage_density,4.789665649795532,0.8430474996566772
drainage_density,4.801570369720459,0.8424875140190125
drainage_density,4.813475089645386,0.8419192433357239
drainage_density,4.825379809570313,0.8413425087928772
drainage_density,4.837284529495239,0.8407573103904724
drainage_density,4.849189249420166,0.8401637077331543
drainage_density,4.8610939693450925,0.8395615816116333
drainage_density,4.87299868927002,0.8389508724212646
drainage_density,4.884903409194947,0.8383316397666931
drainage_density,4.896808129119873,0.8377037644386292
drainage_density,4.9087128490448,0.8370672464370728
drainage_density,4.920617568969727,0.8364220261573792
drainage_density,4.932522288894654,0.8357681035995483
drainage_density,4.944427008819581,0.8351053595542908
drainage_density,4.956331728744507,0.834433913230896
drainage_density,4.968236448669434,0.8342081308364868
drainage_density,4.980141168594361,0.8342081308364868
drainage_density,4.992045888519288,0.8342081308364868
drainage_density,5.003950608444215,0.8342081308364868
drainage_density,5.01585532836914,0.8342081308364868
drainage_density,5.027760048294067,0.8342081308364868
drainage_density,5.039664768218994,0.8342081308364868
drainage_density,5.051569488143921,0.8342081308364868
drainage_density,5.063474208068848,0.8342081308364868
drainage_density,5.075378927993774,0.8342081308364868
drainage_density,5.087283647918701,0.8342081308364868
drainage_density,5.099188367843628,0.8342081308364868
drainage_density,5.1110930877685545,0.8342081308364868
drainage_density,5.122997807693482,0.8342081308364868
drainage_density,5.134902527618408,0.8342081308364868
drainage_density,5.146807247543335,0.8342081308364868
drainage_density,5.158711967468262,0.8342081308364868
drainage_density,5.1706166873931885,0.8342081308364868
drainage_density,5.182521407318116,0.8342081308364868
drainage_density,5.194426127243042,0.8342081308364868
drainage_density,5.206330847167969,0.8342081308364868
drainage_density,5.218235567092896,0.8342081308364868
drainage_density,5.230140287017822,0.8342081308364868
drainage_density,5.2420450069427496,0.8342081308364868
drainage_density,5.253949726867676,0.8342081308364868
drainage_density,5.265854446792603,0.8342081308364868
drainage_density,5.27775916671753,0.8342081308364868
drainage_density,5.289663886642456,0.8342081308364868
drainage_density,5.301568606567384,0.8342081308364868
drainage_density,5.31347332649231,0.8342081308364868
drainage_density,5.325378046417237,0.8342081308364868
drainage_density,5.337282766342164,0.8342081308364868
drainage_density,5.34918748626709,0.8342081308364868
drainage_density,5.361092206192017,0.8342081308364868
drainage_density,5.372996926116943,0.8342081308364868
drainage_density,5.38490164604187,0.8342081308364868
drainage_density,5.396806365966797,0.8342081308364868
drainage_density,5.408711085891723,0.8342081308364868
drainage_density,5.4206158058166505,0.8342081308364868
drainage_density,5.432520525741578,0.8342081308364868
drainage_density,5.444425245666504,0.8342081308364868
drainage_density,5.456329965591431,0.8342081308364868
hand,-10.744300079345702,0.8791620135307312
hand,-10.486436877441406,0.8791620135307312
hand,-10.228573675537108,0.8791620135307312
hand,-9.970710473632812,0.8791620135307312
hand,-9.712847271728515,0.8791620135307312
hand,-9.454984069824215,0.8791620135307312
hand,-9.19712086791992,0.8791620135307312
hand,-8.939257666015624,0.8791620135307312
hand,-8.681394464111328,0.8791620135307312
hand,-8.42353126220703,0.8791620135307312
hand,-8.165668060302734,0.8791620135307312
hand,-7.907804858398436,0.8791620135307312
hand,-7.649941656494139,0.8791620135307312
hand,-7.392078454589843,0.8791620135307312
hand,-7.1342152526855465,0.8791620135307312
hand,-6.876352050781249,0.8791620135307312
hand,-6.618488848876952,0.8791620135307312
hand,-6.360625646972655,0.8791620135307312
hand,-6.102762445068358,0.8791620135307312
hand,-5.844899243164062,0.8791620135307312
hand,-5.587036041259765,0.8791620135307312
hand,-5.329172839355468,0.8791620135307312
hand,-5.07130963745117,0.8791620135307312
hand,-4.813446435546874,0.8791620135307312
hand,-4.555583233642577,0.8791620135307312
hand,-4.29772003173828,0.8791620135307312
hand,-4.039856829833983,0.8791620135307312
hand,-3.781993627929687,0.8791620135307312
hand,-3.5241304260253896,0.8791620135307312
hand,-3.2662672241210924,0.8791620135307312
hand,-3.008404022216796,0.8791620135307312
hand,-2.750540820312499,0.8791620135307312
hand,-2.4926776184082016,0.8791620135307312
hand,-2.234814416503905,0.8791620135307312
hand,-1.976951214599607,0.8791620135307312
hand,-1.7190880126953123,0.8791620135307312
hand,-1.4612248107910144,0.8791620135307312
hand,-1.203361608886718,0.8791620135307312
hand,-0.9454984069824216,0.8791620135307312
hand,-0.6876352050781236,0.8791620135307312
hand,-0.4297720031738272,0.8791620135307312
hand,-0.1719088012695291,0.8791620135307312
hand,0.0859544006347672,0.8782321810722351
hand,0.3438176025390635,0.8754202127456665
hand,0.6016808044433617,0.8725748658180237
hand,0.8595440063476563,0.8696964979171753
hand,1.1174072082519544,0.8667852878570557
hand,1.3752704101562507,0.863841712474823
hand,1.6331336120605489,0.8608660697937012
hand,1.8909968139648448,0.8578587174415588
hand,2.148860015869141,0.8548200130462646
hand,2.40672321777344,0.8517503142356873
hand,2.664586419677736,0.8486500978469849
hand,2.922449621582034,0.8455197215080261
hand,3.1803128234863287,0.8423596024513245
hand,3.438176025390625,0.8391700983047485
hand,3.696039227294923,0.8359517455101013
hand,3.95390242919922,0.8327049016952515
hand,4.211765631103518,0.829430103302002
hand,4.469628833007814,0.8261277079582214
hand,4.72749203491211,0.8227981925010681
hand,4.9853552368164085,0.819442093372345
hand,5.243218438720705,0.8160598874092102
hand,5.501081640625003,0.8126519918441772
hand,5.758944842529299,0.8092188835144043
hand,6.016808044433596,0.8057611584663391
hand,6.274671246337892,0.8022792935371399
hand,6.532534448242192,0.7987737655639648
hand,6.790397650146488,0.7952451109886169
hand,7.048260852050781,0.7916938066482544
hand,7.306124053955077,0.788120448589325
hand,7.563987255859374,0.7845255136489868
hand,7.821850457763674,0.7809095978736877
hand,8.07971365966797,0.7772731184959412
hand,8.337576861572266,0.7736167907714844
hand,8.595440063476563,0.769940972328186
hand,8.853303265380859,0.7662463188171387
hand,9.11116646728516,0.7625333666801453
hand,9.369029669189455,0.7588026523590088
hand,9.626892871093752,0.7550547122955322
hand,9.884756072998048,0.7512901425361633
hand,10.142619274902344,0.7475094795227051
hand,10.400482476806644,0.7437132596969604
hand,10.65834567871094,0.7399020195007324
hand,10.916208880615237,0.7360763549804688
hand,11.174072082519531,0.7322368621826172
hand,11.43193528442383,0.7283840179443359
hand,11.68979848632813,0.724518358707428
hand,11.947661688232426,0.7206405997276306
hand,12.20552489013672,0.7167510986328125
hand,12.463388092041017,0.7128505110740662
hand,12.721251293945311,0.7089393734931946
hand,12.979114495849611,0.7050182819366455
hand,13.236977697753908,0.7010877132415771
hand,13.494840899658204,0.6971482634544373
hand,13.7527041015625,0.693200409412384
hand,14.0105673034668,0.6892447471618652
hand,14.268430505371096,0.6852817535400391
hand,14.526293707275393,0.681312084197998
hand,14.78415690917969,0.6773361563682556
hand,15.042020111083986,0.6733545660972595
hand,15.299883312988284,0.669367790222168
hand,15.557746514892582,0.6653763651847839
hand,15.815609716796878,0.6613808274269104
hand,16.073472918701174,0.6573817133903503
hand,16.33133612060547,0.6533794403076172
hand,16.58919932250977,0.6493746042251587
hand,16.847062524414067,0.6453676819801331
hand,17.10492572631836,0.6413591504096985
hand,17.362788928222656,0.6373494267463684
hand,17.620652130126953,0.6333391666412354
hand,17.878515332031252,0.629328727722168
hand,18.13637853393555,0.6253185868263245
hand,18.394241735839845,0.6213093400001526
hand,18.65210493774414,0.6173012852668762
hand,18.90996813964844,0.6132949590682983
hand,19.167831341552738,0.6092908382415771
hand,19.425694543457038,0.6052893400192261
hand,19.68355774536133,0.6012908816337585
hand,19.941420947265627,0.5972959399223328
hand,20.199284149169923,0.5933049917221069
hand,20.457147351074223,0.5893183350563049
hand,20.71501055297852,0.5853365063667297
hand,20.972873754882816,0.5813598036766052
hand,21.230736956787112,0.5773887634277344
hand,21.48860015869141,0.5734236836433411
hand,21.74646336059571,0.5694650411605835
hand,22.0043265625,0.5655131340026855
hand,22.2621897644043,0.5615684390068054
hand,22.5200529663086,0.5576311945915222
hand,22.777916168212894,0.5537019371986389
hand,23.035779370117197,0.5497809052467346
hand,23.293642572021486,0.5458685755729675
hand,23.551505773925783,0.541965126991272
hand,23.80936897583009,0.5380710363388062
hand,24.06723217773438,0.534186601638794
hand,24.32509537963868,0.5303121209144592
hand,24.582958581542965,0.5264479517936707
hand,24.840821783447264,0.5225943922996521
hand,25.098684985351564,0.5187518000602722
hand,25.356548187255857,0.5149204134941101
hand,25.61441138916016,0.5111005902290344
hand,25.87227459106445,0.5072925686836243
hand,26.13013779296875,0.5034966468811035
hand,26.38800099487305,0.4997131526470184
hand,26.645864196777342,0.4959422647953033
hand,26.90372739868164,0.4921843409538269
hand,27.16159060058593,0.4884395897388458
hand,27.419453802490235,0.4847082495689392
hand,27.67731700439453,0.4809906482696533
hand,27.935180206298828,0.4772869050502777
hand,28.193043408203128,0.473597377538681
hand,28.45090661010742,0.4699221849441528
hand,28.70876981201172,0.4662615954875946
hand,28.96663301391602,0.4626158773899078
hand,29.224496215820317,0.4589851498603821
hand,29.482359417724613,0.4553696811199188
hand,29.740222619628906,0.4517695903778076
hand,29.99808582153321,0.4481851756572723
hand,30.255949023437505,0.4446165561676025
hand,30.5138122253418,0.4410639107227325
hand,30.771675427246095,0.437527447938919
hand,31.02953862915039,0.4340072870254516
hand,31.28740183105469,0.4305036664009094
hand,31.54526503295899,0.4270166456699371
hand,31.803128234863284,0.4235464632511139
hand,32.06099143676758,0.4200931787490845
hand,32.31885463867188,0.4166570603847503
hand,32.57671784057618,0.4132381379604339
hand,32.83458104248048,0.4098365902900696
hand,33.092444244384765,0.4064524471759796
hand,33.350307446289065,0.4030859768390655
hand,33.608170648193365,0.3997372090816498
hand,33.866033850097665,0.3964062333106994
hand,34.123897052001965,0.3930932283401489
hand,34.38176025390625,0.3897982835769653
hand,34.63962345581055,0.386521428823471
hand,34.89748665771484,0.3832627534866333
hand,35.155349859619136,0.3800224363803863
hand,35.41321306152344,0.3768004775047302
hand,35.671076263427736,0.3735969662666321
hand,35.92893946533204,0.3704120218753814
hand,36.18680266723632,0.3672456741333008
hand,36.44466586914062,0.3640980124473572
hand,36.70252907104492,0.3609690070152282
hand,36.96039227294922,0.3578588366508484
hand,37.21825547485352,0.3547674715518951
hand,37.47611867675781,0.3516949713230133
hand,37.73398187866211,0.34864142537117
hand,37.99184508056641,0.3456068336963653
hand,38.24970828247071,0.3425911962985992
hand,38.507571484375006,0.3395946025848388
hand,38.765434686279306,0.3366170823574066
hand,39.02329788818359,0.3336586356163025
hand,39.28116109008789,0.3307192623615265
hand,39.53902429199219,0.3277990221977234
hand,39.79688749389649,0.3248979151248932
hand,40.05475069580079,0.3220159113407135
hand,40.31261389770508,0.3191530704498291
hand,40.57047709960938,0.31630939245224
hand,40.82834030151368,0.3134848773479461
hand,41.08620350341798,0.3106794357299804
hand,41.34406670532228,0.3078932166099548
hand,41.60192990722656,0.3051261007785797
hand,41.85979310913086,0.3023780584335327
hand,42.11765631103516,0.2996491491794586
hand,42.37551951293946,0.296939343214035
hand,42.63338271484376,0.2942486107349396
hand,42.89124591674805,0.2915768623352051
hand,43.14910911865235,0.2889241874217987
hand,43.40697232055665,0.2862904965877533
hand,43.66483552246095,0.2836757302284241
hand,43.92269872436525,0.2810799181461334
hand,44.18056192626953,0.2785030007362366
hand,44.43842512817383,0.2759448885917663
hand,44.69628833007812,0.2734056413173675
hand,44.95415153198242,0.270885169506073
hand,45.21201473388672,0.2683834135532379
hand,45.46987793579102,0.2659003138542175
hand,45.72774113769532,0.2634358704090118
hand,45.9856043395996,0.2609899938106537
hand,46.243467541503904,0.2585626244544983
hand,46.50133074340821,0.2561537623405456
hand,46.7591939453125,0.253763347864151
hand,47.0170571472168,0.2513912618160248
hand,47.27492034912109,0.2490374445915222
hand,47.53278355102539,0.2467019110918045
hand,47.79064675292969,0.2443845421075821
hand,48.04850995483399,0.242085263133049
hand,48.30637315673829,0.239804059267044
hand,48.564236358642574,0.2375408411026001
hand,48.82209956054688,0.2352955192327499
hand,49.07996276245117,0.2330680191516876
hand,49.337825964355474,0.2308583110570907
hand,49.595689166259774,0.2286663055419922
hand,49.85355236816406,0.2264918833971023
hand,50.11141557006836,0.22433502972126
hand,50.36927877197266,0.2221956551074981
hand,50.62714197387696,0.2200736403465271
hand,50.88500517578126,0.2179689705371856
hand,51.142868377685545,0.2158815264701843
hand,51.400731579589845,0.2138112336397171
hand,51.65859478149415,0.2117579877376556
hand,51.916457983398445,0.2097217440605163
hand,52.174321185302745,0.2077024132013321
hand,52.43218438720703,0.2056998759508133
hand,52.69004758911133,0.2037140876054763
hand,52.94791079101563,0.2017449587583542
hand,53.20577399291993,0.1997923851013183
hand,53.463637194824216,0.1978562474250793
hand,53.72150039672852,0.1959365308284759
hand,53.979363598632816,0.1940331012010574
hand,54.23722680053712,0.1921458542346954
hand,54.4950900024414,0.1902747452259063
hand,54.7529532043457,0.1884196698665619
hand,55.01081640625,0.1865805238485336
hand,55.2686796081543,0.184757187962532
hand,55.5265428100586,0.1829496175050735
hand,55.7844060119629,0.1811577230691909
hand,56.04226921386719,0.1793813407421112
hand,56.300132415771486,0.1776204705238342
hand,56.557995617675786,0.1758749783039093
hand,56.815858819580086,0.174144759774208
hand,57.07372202148439,0.1724296957254409
hand,57.33158522338867,0.1707297563552856
hand,57.58944842529297,0.1690448075532913
hand,57.84731162719727,0.1673747301101684
hand,58.10517482910157,0.1657194942235946
hand,58.36303803100587,0.1640789657831192
hand,58.62090123291016,0.1624530255794525
hand,58.87876443481446,0.160841628909111
hand,59.13662763671876,0.1592446416616439
hand,59.39449083862306,0.1576619893312454
hand,59.65235404052736,0.1560935527086258
hand,59.91021724243163,0.1545392572879791
hand,60.16808044433593,0.152998998761177
hand,60.42594364624023,0.15147265791893
hand,60.68380684814453,0.1499601900577545
hand,60.94167005004883,0.1484614610671997
hand,61.19953325195311,0.1469763815402984
hand,61.45739645385741,0.1455048322677612
hand,61.71525965576171,0.1440467685461044
hand,61.97312285766601,0.1426020711660385
hand,62.23098605957031,0.1411706060171127
hand,62.4888492614746,0.1397523283958435
hand,62.7467124633789,0.1383471339941024
hand,63.0045756652832,0.1369549185037613
hand,63.2624388671875,0.1355755627155304
hand,63.5203020690918,0.134209007024765
hand,63.77816527099608,0.1328551471233368
hand,64.03602847290038,0.1315138787031173
hand,64.29389167480468,0.1301850974559784
hand,64.55175487670898,0.1288687288761139
hand,64.80961807861328,0.1275646984577179
hand,65.06748128051757,0.1262728571891784
hand,65.32534448242187,0.1249931454658508
hand,65.58320768432617,0.1237254962325096
hand,65.84107088623047,0.1224697455763816
hand,66.09893408813477,0.1212258785963058
hand,66.35679729003905,0.1199937239289283
hand,66.61466049194335,0.118773229420185
hand,66.87252369384765,0.1175643429160118
hand,67.13038689575195,0.1163668930530548
hand,67.38825009765625,0.1151808276772499
hand,67.64611329956054,0.1140060946345329
hand,67.90397650146484,0.1128425300121307
hand,68.16183970336914,0.1116900742053985
hand,68.41970290527344,0.1105486750602722
hand,68.67756610717774,0.1094181761145591
hand,68.93542930908202,0.1082985177636146
hand,69.19329251098632,0.1071896478533744
hand,69.45115571289062,0.1060914173722267
hand,69.70901891479492,0.1050037592649459
hand,69.96688211669922,0.1039266213774681
hand,70.22474531860351,0.1028598621487617
hand,70.48260852050781,0.1018034517765045
hand,70.74047172241211,0.1007572337985038
hand,70.99833492431641,0.0997211635112762
hand,71.25619812622071,0.0986951813101768
hand,71.514061328125,0.0976791456341743
hand,71.7719245300293,0.0966729968786239
hand,72.0297877319336,0.0956766903400421
hand,72.2876509338379,0.0946900695562362
hand,72.5455141357422,0.0937130823731422
hand,72.80337733764648,0.0927456840872764
hand,73.06124053955078,0.0917877331376075
hand,73.31910374145508,0.0908391699194908
hand,73.57696694335938,0.0898999497294426
hand,73.83483014526368,0.0889699235558509
hand,74.09269334716797,0.0880490541458129
hand,74.35055654907227,0.0871372744441032
hand,74.60841975097657,0.0862344577908515
hand,74.86628295288087,0.0853405743837356
hand,75.12414615478517,0.0844555050134658
hand,75.38200935668945,0.0835791826248169
hand,75.63987255859375,0.0827115625143051
hand,75.89773576049805,0.0818525180220604
hand,76.15559896240235,0.0810019969940185
hand,76.41346216430665,0.0801599472761154
hand,76.67132536621094,0.0793262422084808
hand,76.92918856811524,0.0785008296370506
hand,77.18705177001954,0.0776836723089218
hand,77.44491497192384,0.076874628663063
hand,77.70277817382814,0.0760736614465713
hand,77.96064137573242,0.0752807185053825
hand,78.21850457763672,0.074495680630207
hand,78.47636777954102,0.0737185254693031
hand,78.73423098144532,0.0729491263628006
hand,78.99209418334962,0.0721874460577964
hand,79.24995738525391,0.071433424949646
hand,79.5078205871582,0.0706869587302208
hand,79.7656837890625,0.0699479877948761
hand,80.0235469909668,0.0692164823412895
hand,80.28141019287109,0.0684923157095909
hand,80.53927339477538,0.0677754431962966
hand,80.79713659667968,0.0670658275485038
hand,81.05499979858398,0.0663633570075035
hand,81.31286300048828,0.0656679719686508
hand,81.57072620239258,0.0649796426296234
hand,81.82858940429686,0.0642982572317123
hand,82.08645260620116,0.063623771071434
hand,82.34431580810546,0.0629561394453048
hand,82.60217901000976,0.0622952617704868
hand,82.86004221191406,0.0616411082446575
hand,83.11790541381835,0.0609935782849788
hand,83.37576861572265,0.0603526271879673
hand,83.63363181762695,0.0597182177007198
hand,83.89149501953125,0.0590902455151081
hand,84.14935822143555,0.0584686696529388
hand,84.40722142333983,0.0578534454107284
hand,84.66508462524413,0.0572444796562194
hand,84.92294782714843,0.0566417314112186
hand,85.18081102905273,0.0560451559722423
hand,85.43867423095703,0.0554546564817428
hand,85.69653743286132,0.0548701994121074
hand,85.95440063476562,0.0542917400598526
hand,86.21226383666992,0.0537191852927207
hand,86.47012703857422,0.0531525164842605
hand,86.72799024047852,0.0525916405022144
hand,86.9858534423828,0.0520365200936794
hand,87.2437166442871,0.0514871142804622
hand,87.5015798461914,0.0509433336555957
hand,87.7594430480957,0.0504051446914672
hand,88.01730625,0.0498725064098835
hand,88.2751694519043,0.0493453331291675
hand,88.53303265380859,0.0488235875964164
hand,88.79089585571289,0.0483072325587272
hand,89.04875905761719,0.0477961860597133
hand,89.30662225952149,0.0472904071211814
hand,89.56448546142579,0.0467898659408092
hand,89.82234866333008,0.0462944768369197
hand,90.08021186523438,0.0458042062819004
hand,90.33807506713867,0.0453190207481384
hand,90.59593826904296,0.0448388345539569
hand,90.85380147094727,0.0443636327981948
hand,91.11166467285156,0.0438933372497558
hand,91.36952787475586,0.0434279143810272
hand,91.62739107666016,0.0429673232138156
hand,91.88525427856446,0.0425115004181861
hand,92.14311748046876,0.0420604012906551
hand,92.40098068237305,0.0416139997541904
hand,92.65884388427736,0.0411722213029861
hand,92.91670708618165,0.0407350324094295
hand,93.17457028808596,0.0403023995459079
hand,93.43243348999025,0.0398742519319057
hand,93.69029669189452,0.0394505597651004
hand,93.94815989379885,0.0390312895178794
hand,94.20602309570312,0.0386163741350173
hand,94.46388629760744,0.0382057800889015
hand,94.72174949951172,0.0377994775772094
hand,94.97961270141602,0.0373973958194255
hand,95.23747590332032,0.0369995236396789
hand,95.49533910522462,0.0366057939827442
hand,95.75320230712892,0.0362161733210086
hand,96.01106550903322,0.0358306318521499
hand,96.2689287109375,0.0354491062462329
hand,96.5267919128418,0.0350715704262256
hand,96.7846551147461,0.0346979945898056
hand,97.0425183166504,0.0343283154070377
hand,97.3003815185547,0.0339625068008899
hand,97.558244720459,0.0336005352437496
hand,97.81610792236329,0.0332423485815525
hand,98.0739711242676,0.0328879132866859
hand,98.33183432617189,0.0325372032821178
hand,98.5896975280762,0.0321901589632034
hand,98.84756072998049,0.0318467654287815
hand,99.10542393188476,0.0315069667994976
hand,99.36328713378909,0.0311707332730293
hand,99.62115033569336,0.0308380406349897
hand,99.87901353759769,0.0305088330060243
hand,100.13687673950194,0.0301830861717462
hand,100.39473994140624,0.0298607721924781
hand,100.65260314331054,0.0295418370515108
hand,100.91046634521484,0.0292262583971023
hand,101.16832954711914,0.0289140082895755
hand,101.42619274902344,0.0286050364375114
hand,101.68405595092771,0.028299318626523
hand,101.94191915283204,0.0279968287795782
hand,102.19978235473631,0.0276975166052579
hand,102.45764555664064,0.0274013597518205
hand,102.71550875854491,0.0271083340048789
hand,102.9733719604492,0.0268183909356594
hand,103.23123516235351,0.0265315137803554
hand,103.4890983642578,0.0262476541101932
hand,103.74696156616211,0.0259667932987213
hand,104.0048247680664,0.0256889052689075
hand,104.2626879699707,0.0254139434546232
hand,104.520551171875,0.0251418873667716
hand,104.7784143737793,0.024872712790966
hand,105.0362775756836,0.0246063768863677
hand,105.29414077758788,0.0243428573012352
hand,105.55200397949218,0.0240821316838264
hand,105.80986718139648,0.0238241571933031
hand,106.06773038330078,0.0235689133405685
hand,106.32559358520508,0.0233163777738809
hand,106.58345678710936,0.023066509515047
hand,106.84131998901368,0.0228192955255508
hand,107.09918319091796,0.0225746911019086
hand,107.35704639282228,0.0223326794803142
hand,107.61490959472656,0.022252582013607
hand,107.87277279663084,0.022252582013607
hand,108.13063599853515,0.022252582013607
hand,108.38849920043944,0.022252582013607
hand,108.64636240234375,0.022252582013607
hand,108.90422560424804,0.022252582013607
hand,109.16208880615234,0.022252582013607
hand,109.41995200805664,0.022252582013607
hand,109.67781520996094,0.022252582013607
hand,109.93567841186524,0.022252582013607
hand,110.19354161376954,0.022252582013607
hand,110.45140481567384,0.022252582013607
hand,110.70926801757813,0.022252582013607
hand,110.96713121948244,0.022252582013607
hand,111.22499442138673,0.022252582013607
hand,111.48285762329104,0.022252582013607
hand,111.74072082519533,0.022252582013607
hand,111.9985840270996,0.022252582013607
hand,112.25644722900392,0.022252582013607
hand,112.5143104309082,0.022252582013607
hand,112.77217363281252,0.022252582013607
hand,113.0300368347168,0.022252582013607
hand,113.2879000366211,0.022252582013607
hand,113.5457632385254,0.022252582013607
hand,113.8036264404297,0.022252582013607
hand,114.061489642334,0.022252582013607
hand,114.31935284423828,0.022252582013607
hand,114.57721604614258,0.022252582013607
hand,114.83507924804688,0.022252582013607
hand,115.09294244995118,0.022252582013607
hand,115.35080565185548,0.022252582013607
hand,115.60866885375977,0.022252582013607
hand,115.86653205566408,0.022252582013607
hand,116.12439525756837,0.022252582013607
hand,116.38225845947268,0.022252582013607
hand,116.64012166137697,0.022252582013607
hand,116.89798486328124,0.022252582013607
hand,117.15584806518557,0.022252582013607
hand,117.41371126708984,0.022252582013607
hand,117.67157446899414,0.022252582013607
hand,117.92943767089844,0.022252582013607
hand,118.18730087280274,0.022252582013607
hydrologic_soil_group,1.0,1.0
hydrologic_soil_group,2.0,0.7653843760490417
hydrologic_soil_group,3.0,0.8055344820022583
hydrologic_soil_group,4.0,0.7953015565872192
impervious_pct,-10.0,0.5742526054382324
impervious_pct,-9.76,0.5742526054382324
impervious_pct,-9.52,0.5742526054382324
impervious_pct,-9.28,0.5742526054382324
impervious_pct,-9.04,0.5742526054382324
impervious_pct,-8.8,0.5742526054382324
impervious_pct,-8.56,0.5742526054382324
impervious_pct,-8.32,0.5742526054382324
impervious_pct,-8.08,0.5742526054382324
impervious_pct,-7.84,0.5742526054382324
impervious_pct,-7.6,0.5742526054382324
impervious_pct,-7.359999999999999,0.5742526054382324
impervious_pct,-7.12,0.5742526054382324
impervious_pct,-6.88,0.5742526054382324
impervious_pct,-6.640000000000001,0.5742526054382324
impervious_pct,-6.4,0.5742526054382324
impervious_pct,-6.16,0.5742526054382324
impervious_pct,-5.92,0.5742526054382324
impervious_pct,-5.68,0.5742526054382324
impervious_pct,-5.44,0.5742526054382324
impervious_pct,-5.2,0.5742526054382324
impervious_pct,-4.96,0.5742526054382324
impervious_pct,-4.72,0.5742526054382324
impervious_pct,-4.48,0.5742526054382324
impervious_pct,-4.24,0.5742526054382324
impervious_pct,-4.0,0.5742526054382324
impervious_pct,-3.76,0.5742526054382324
impervious_pct,-3.52,0.5742526054382324
impervious_pct,-3.28,0.5742526054382324
impervious_pct,-3.04,0.5742526054382324
impervious_pct,-2.8,0.5742526054382324
impervious_pct,-2.56,0.5742526054382324
impervious_pct,-2.3200000000000003,0.5742526054382324
impervious_pct,-2.08,0.5742526054382324
impervious_pct,-1.84,0.5742526054382324
impervious_pct,-1.5999999999999996,0.5742526054382324
impervious_pct,-1.3599999999999994,0.5742526054382324
impervious_pct,-1.1199999999999992,0.5742526054382324
impervious_pct,-0.8800000000000008,0.5742526054382324
impervious_pct,-0.6400000000000006,0.5742526054382324
impervious_pct,-0.4000000000000003,0.5742526054382324
impervious_pct,-0.1600000000000001,0.5742526054382324
impervious_pct,0.08,0.5753058195114136
impervious_pct,0.3200000000000003,0.5784540176391602
impervious_pct,0.5600000000000005,0.5815848112106323
impervious_pct,0.8000000000000007,0.584697961807251
impervious_pct,1.0399999999999991,0.5877931714057922
impervious_pct,1.2799999999999994,0.590870201587677
impervious_pct,1.5199999999999996,0.5939288139343262
impervious_pct,1.7599999999999998,0.5969687104225159
impervious_pct,2.0,0.599989652633667
impervious_pct,2.24,0.60299152135849
impervious_pct,2.4800000000000004,0.6059739589691162
impervious_pct,2.7200000000000006,0.6089368462562561
impervious_pct,2.960000000000001,0.6118798851966858
impervious_pct,3.1999999999999997,0.614802896976471
impervious_pct,3.4399999999999995,0.6177057027816772
impervious_pct,3.68,0.6205881237983704
impervious_pct,3.92,0.6234499216079712
impervious_pct,4.16,0.6262909173965454
impervious_pct,4.4,0.6291109919548035
impervious_pct,4.640000000000001,0.6319099068641663
impervious_pct,4.880000000000001,0.6346875429153442
impervious_pct,5.119999999999999,0.6374437212944031
impervious_pct,5.359999999999999,0.6401783227920532
impervious_pct,5.6,0.6428911685943604
impervious_pct,5.84,0.6455821394920349
impervious_pct,6.079999999999998,0.6482511162757874
impervious_pct,6.32,0.6508979201316833
impervious_pct,6.559999999999999,0.6535224318504333
impervious_pct,6.800000000000001,0.6561245918273926
impervious_pct,7.039999999999999,0.6587042808532715
impervious_pct,7.280000000000001,0.6612613201141357
impervious_pct,7.52,0.6637957096099854
impervious_pct,7.760000000000002,0.6663073301315308
impervious_pct,8.0,0.6687960624694824
impervious_pct,8.239999999999998,0.6712617874145508
impervious_pct,8.48,0.6737045049667358
impervious_pct,8.719999999999999,0.6761241555213928
impervious_pct,8.96,0.6785206198692322
impervious_pct,9.2,0.6808938980102539
impervious_pct,9.44,0.6832438111305237
impervious_pct,9.68,0.685570478439331
impervious_pct,9.920000000000002,0.6878737211227417
impervious_pct,10.16,0.6901535391807556
impervious_pct,10.4,0.692409873008728
impervious_pct,10.64,0.6946427822113037
impervious_pct,10.88,0.6968521475791931
impervious_pct,11.12,0.6990379691123962
impervious_pct,11.36,0.7012002468109131
impervious_pct,11.6,0.7033389806747437
impervious_pct,11.84,0.7054541110992432
impervious_pct,12.079999999999998,0.7075456380844116
impervious_pct,12.32,0.7096136212348938
impervious_pct,12.56,0.7116580605506897
impervious_pct,12.8,0.7136788964271545
impervious_pct,13.04,0.7156761288642883
impervious_pct,13.28,0.7176498174667358
impervious_pct,13.52,0.7196000218391418
impervious_pct,13.760000000000002,0.7215267419815063
impervious_pct,14.0,0.7234299182891846
impervious_pct,14.239999999999998,0.7253096699714661
impervious_pct,14.48,0.727165937423706
impervious_pct,14.72,0.7289988994598389
impervious_pct,14.96,0.730808436870575
impervious_pct,15.2,0.7325947284698486
impervious_pct,15.44,0.7343577146530151
impervious_pct,15.68,0.7360974550247192
impervious_pct,15.920000000000002,0.7378140091896057
impervious_pct,16.16,0.7395074963569641
impervious_pct,16.4,0.7411778569221497
impervious_pct,16.64,0.7428251504898071
impervious_pct,16.88,0.7444495558738708
impervious_pct,17.12,0.746051013469696
impervious_pct,17.36,0.7476296424865723
impervious_pct,17.6,0.7491854429244995
impervious_pct,17.84,0.7507185935974121
impervious_pct,18.08,0.7522290349006653
impervious_pct,18.32,0.7537168860435486
impervious_pct,18.56,0.7551822066307068
impervious_pct,18.8,0.7566251158714294
impervious_pct,19.04,0.7580456733703613
impervious_pct,19.28,0.7594438791275024
impervious_pct,19.52,0.7608198523521423
impervious_pct,19.76,0.7621736526489258
impervious_pct,20.0,0.7635053992271423
impervious_pct,20.24,0.764815092086792
impervious_pct,20.48,0.7661029100418091
impervious_pct,20.72,0.7673688530921936
impervious_pct,20.96,0.7686130404472351
impervious_pct,21.2,0.7698355317115784
impervious_pct,21.44,0.7710363864898682
impervious_pct,21.68,0.772215723991394
impervious_pct,21.92,0.7733736038208008
impervious_pct,22.16,0.7745100855827332
impervious_pct,22.4,0.7756252884864807
impervious_pct,22.64,0.7767192721366882
impervious_pct,22.880000000000003,0.7777921557426453
impervious_pct,23.12,0.7788439393043518
impervious_pct,23.36,0.7798747420310974
impervious_pct,23.6,0.7808846831321716
impervious_pct,23.840000000000003,0.7818737626075745
impervious_pct,24.08,0.7828420996665955
impervious_pct,24.32,0.7837898135185242
impervious_pct,24.56,0.7847169041633606
impervious_pct,24.8,0.7856234908103943
impervious_pct,25.04,0.7865096926689148
impervious_pct,25.28,0.7873754501342773
impervious_pct,25.520000000000003,0.788221001625061
impervious_pct,25.76,0.7890462875366211
impervious_pct,26.0,0.7898514866828918
impervious_pct,26.24,0.7906365990638733
impervious_pct,26.48,0.791401743888855
impervious_pct,26.72,0.7921469211578369
impervious_pct,26.96,0.7928722500801086
impervious_pct,27.200000000000003,0.7935778498649597
impervious_pct,27.44,0.7942636609077454
impervious_pct,27.68,0.7949298620223999
impervious_pct,27.92,0.7955764532089233
impervious_pct,28.16,0.7962035536766052
impervious_pct,28.4,0.7968111634254456
impervious_pct,28.64,0.7973993420600891
impervious_pct,28.880000000000003,0.7979682087898254
impervious_pct,29.12,0.7985177636146545
impervious_pct,29.36,0.7990480661392212
impervious_pct,29.6,0.7995591759681702
impervious_pct,29.840000000000003,0.800051212310791
impervious_pct,30.08,0.800524115562439
impervious_pct,30.32,0.8009780049324036
impervious_pct,30.56,0.8014129400253296
impervious_pct,30.8,0.801828920841217
impervious_pct,31.04,0.8022260069847107
impervious_pct,31.28,0.8026042580604553
impervious_pct,31.520000000000003,0.8029636740684509
impervious_pct,31.76,0.8033043146133423
impervious_pct,32.0,0.8036261796951294
impervious_pct,32.24,0.8039293885231018
impervious_pct,32.48,0.8042139410972595
impervious_pct,32.72,0.8044798374176025
impervious_pct,32.96,0.8047271370887756
impervious_pct,33.2,0.8049558401107788
impervious_pct,33.44,0.8051660060882568
impervious_pct,33.68,0.8053576350212097
impervious_pct,33.92,0.8055307269096375
impervious_pct,34.16,0.8056853413581848
impervious_pct,34.4,0.805821418762207
impervious_pct,34.64,0.8059390783309937
impervious_pct,34.88,0.8060383200645447
impervious_pct,35.12,0.8061190843582153
impervious_pct,35.36,0.8061814308166504
impervious_pct,35.6,0.8062253594398499
impervious_pct,35.84,0.8062508702278137
impervious_pct,36.08,0.806257963180542
impervious_pct,36.32,0.8062466979026794
impervious_pct,36.56,0.8062169551849365
impervious_pct,36.8,0.806168794631958
impervious_pct,37.04,0.8061022162437439
impervious_pct,37.28,0.8060172200202942
impervious_pct,37.52,0.8059137463569641
impervious_pct,37.76,0.8057918548583984
impervious_pct,38.0,0.8056514859199524
impervious_pct,38.24,0.805492639541626
impervious_pct,38.48,0.8053153157234192
impervious_pct,38.72,0.8051194548606873
impervious_pct,38.96,0.8049050569534302
impervious_pct,39.2,0.8046720623970032
impervious_pct,39.44,0.804420530796051
impervious_pct,39.68,0.8041503429412842
impervious_pct,39.92,0.8038615584373474
impervious_pct,40.16,0.8035540580749512
impervious_pct,40.4,0.8032278418540955
impervious_pct,40.64,0.8028829097747803
impervious_pct,40.88,0.8025191426277161
impervious_pct,41.12,0.8021366000175476
impervious_pct,41.36,0.8017352223396301
impervious_pct,41.6,0.8013148903846741
impervious_pct,41.84,0.8008756041526794
impervious_pct,42.08,0.8004173636436462
impervious_pct,42.32,0.7999400496482849
impervious_pct,42.56,0.7994436621665955
impervious_pct,42.8,0.7989281415939331
impervious_pct,43.04,0.7983934283256531
impervious_pct,43.28,0.7978394627571106
impervious_pct,43.52,0.7972661852836609
impervious_pct,43.76,0.7966735363006592
impervious_pct,44.0,0.7960614562034607
impervious_pct,44.24,0.7954298853874207
impervious_pct,44.48,0.7947788238525391
impervious_pct,44.72,0.7941081523895264
impervious_pct,44.96,0.7934178113937378
impervious_pct,45.2,0.7927076816558838
impervious_pct,45.44,0.7919778227806091
impervious_pct,45.68,0.7912280559539795
impervious_pct,45.92,0.7904583215713501
impervious_pct,46.16,0.789668619632721
impervious_pct,46.4,0.7888588309288025
impervious_pct,46.64,0.78802889585495
impervious_pct,46.88,0.7871786952018738
impervious_pct,47.12,0.786308228969574
impervious_pct,47.36,0.7854174375534058
impervious_pct,47.6,0.7845061421394348
impervious_pct,47.84,0.7835742831230164
impervious_pct,48.08,0.7826218605041504
impervious_pct,48.32,0.7816487550735474
impervious_pct,48.56,0.7806549072265625
impervious_pct,48.8,0.7796401977539062
impervious_pct,49.04,0.7786045670509338
impervious_pct,49.28,0.7775480151176453
impervious_pct,49.52,0.7764703035354614
impervious_pct,49.76,0.7753714323043823
impervious_pct,50.0,0.7742513418197632
impervious_pct,50.24,0.7731099724769592
impervious_pct,50.48,0.7719472050666809
impervious_pct,50.72,0.7707629203796387
impervious_pct,50.96,0.7695571184158325
impervious_pct,51.2,0.7683296799659729
impervious_pct,51.44,0.7670804858207703
impervious_pct,51.68,0.7658095359802246
impervious_pct,51.92,0.7645167112350464
impervious_pct,52.16,0.7632019519805908
impervious_pct,52.4,0.7618651390075684
impervious_pct,52.64,0.760506272315979
impervious_pct,52.88,0.7591251730918884
impervious_pct,53.12,0.7577219009399414
impervious_pct,53.36,0.7562962174415588
impervious_pct,53.6,0.7548481822013855
impervious_pct,53.84,0.7533776760101318
impervious_pct,54.08,0.7518846392631531
impervious_pct,54.31999999999999,0.7503690123558044
impervious_pct,54.56,0.7488306760787964
impervious_pct,54.8,0.7472696304321289
impervious_pct,55.040000000000006,0.7456857562065125
impervious_pct,55.28,0.744079053401947
impervious_pct,55.52,0.7424494624137878
impervious_pct,55.760000000000005,0.7407968044281006
impervious_pct,56.0,0.7391211986541748
impervious_pct,56.24,0.7374224066734314
impervious_pct,56.48,0.7357005476951599
impervious_pct,56.72,0.733955442905426
impervious_pct,56.96,0.7321871519088745
impervious_pct,57.2,0.7303955554962158
impervious_pct,57.44,0.72858065366745
impervious_pct,57.68000000000001,0.7267423272132874
impervious_pct,57.92,0.7248806953430176
impervious_pct,58.16,0.7229955196380615
impervious_pct,58.400000000000006,0.7210869789123535
impervious_pct,58.64,0.7191548943519592
impervious_pct,58.88,0.7171993255615234
impervious_pct,59.120000000000005,0.7152202129364014
impervious_pct,59.36,0.713217556476593
impervious_pct,59.6,0.7111912965774536
impervious_pct,59.84,0.7091414928436279
impervious_pct,60.08,0.7070680856704712
impervious_pct,60.31999999999999,0.7049711346626282
impervious_pct,60.56,0.7028505802154541
impervious_pct,60.8,0.7007064819335938
impervious_pct,61.040000000000006,0.6985387802124023
impervious_pct,61.28,0.6963475942611694
impervious_pct,61.52,0.6941328048706055
impervious_pct,61.760000000000005,0.69189453125
impervious_pct,62.0,0.689632773399353
impervious_pct,62.24,0.6873475909233093
impervious_pct,62.48,0.6850389838218689
impervious_pct,62.72,0.6827070116996765
impervious_pct,62.96,0.680351734161377
impervious_pct,63.2,0.6779731512069702
impervious_pct,63.44,0.6755713820457458
impervious_pct,63.68000000000001,0.6731464266777039
impervious_pct,63.92,0.6706984043121338
impervious_pct,64.16,0.6682273149490356
impervious_pct,64.4,0.6657333374023438
impervious_pct,64.64,0.6632165312767029
impervious_pct,64.88,0.6606769561767578
impervious_pct,65.12,0.6581146717071533
impervious_pct,65.36,0.6555298566818237
impervious_pct,65.6,0.6529225707054138
impervious_pct,65.84,0.6502929329872131
impervious_pct,66.08,0.6476410031318665
impervious_pct,66.32,0.6449670195579529
impervious_pct,66.56,0.6422710418701172
impervious_pct,66.8,0.6395531296730042
impervious_pct,67.04,0.6368135809898376
impervious_pct,67.28,0.6340525150299072
impervious_pct,67.52,0.6312699913978577
impervious_pct,67.76,0.6284661293029785
impervious_pct,68.0,0.6256412863731384
impervious_pct,68.24,0.6227954626083374
impervious_pct,68.48,0.6199288964271545
impervious_pct,68.72,0.617041826248169
impervious_pct,68.96,0.6141343712806702
impervious_pct,69.2,0.6112067699432373
impervious_pct,69.44,0.6082590818405151
impervious_pct,69.68,0.6052917242050171
impervious_pct,69.92,0.6023048758506775
impervious_pct,70.16,0.5992985367774963
impervious_pct,70.4,0.5962732434272766
impervious_pct,70.64,0.5932290554046631
impervious_pct,70.88,0.5901662111282349
impervious_pct,71.12,0.587084949016571
impervious_pct,71.36,0.5839856266975403
impervious_pct,71.6,0.5808684229850769
impervious_pct,71.84,0.5777336359024048
impervious_pct,72.08,0.5745813846588135
impervious_pct,72.32,0.571412205696106
impervious_pct,72.56,0.5682262182235718
impervious_pct,72.8,0.56502366065979
impervious_pct,73.04,0.561805009841919
impervious_pct,73.28,0.5585704445838928
impervious_pct,73.52,0.5553202629089355
impervious_pct,73.76,0.5520547032356262
impervious_pct,74.0,0.5487743020057678
impervious_pct,74.24,0.5454792380332947
impervious_pct,74.48,0.5421697497367859
impervious_pct,74.72,0.5388463735580444
impervious_pct,74.96,0.5355093479156494
impervious_pct,75.2,0.5321590304374695
impervious_pct,75.44,0.5287956595420837
impervious_pct,75.68,0.5254197716712952
impervious_pct,75.92,0.5220316648483276
impervious_pct,76.16,0.5186315178871155
impervious_pct,76.4,0.5152199864387512
impervious_pct,76.64,0.511797308921814
impervious_pct,76.88,0.5083638429641724
impervious_pct,77.12,0.5049199461936951
impervious_pct,77.36,0.5014660954475403
impervious_pct,77.6,0.4980026185512543
impervious_pct,77.84,0.4945299327373504
impervious_pct,78.08,0.4910483062267303
impervious_pct,78.32,0.4875583350658417
impervious_pct,78.56,0.4840603768825531
impervious_pct,78.8,0.4805546402931213
impervious_pct,79.04,0.4770418405532837
impervious_pct,79.28,0.4735222160816192
impervious_pct,79.52,0.4699962139129638
impervious_pct,79.76,0.466464102268219
impervious_pct,80.0,0.4629265964031219
impervious_pct,80.24,0.4593839347362518
impervious_pct,80.48,0.4558364450931549
impervious_pct,80.72,0.4522848129272461
impervious_pct,80.96,0.4487293362617492
impervious_pct,81.2,0.4451704025268554
impervious_pct,81.44,0.4416083991527557
impervious_pct,81.68,0.4380439519882202
impervious_pct,81.92,0.4344773590564728
impervious_pct,82.16,0.4309089779853821
impervious_pct,82.4,0.4273394644260406
impervious_pct,82.64,0.4237691164016723
impervious_pct,82.88,0.420198380947113
impervious_pct,83.12,0.4166275858879089
impervious_pct,83.36,0.413057416677475
impervious_pct,83.6,0.4094881415367126
impervious_pct,83.84,0.4059202671051025
impervious_pct,84.08,0.4023540318012237
impervious_pct,84.32,0.398790180683136
impervious_pct,84.56,0.3952289819717407
impervious_pct,84.8,0.3916707634925842
impervious_pct,85.04,0.388116180896759
impervious_pct,85.28,0.3845655918121338
impervious_pct,85.52,0.3810193538665771
impervious_pct,85.76,0.3774778246879577
impervious_pct,86.0,0.3739416599273681
impervious_pct,86.24,0.3704111576080322
impervious_pct,86.48,0.3668866157531738
impervious_pct,86.72,0.3633686900138855
impervious_pct,86.96,0.3598577082157135
impervious_pct,87.2,0.3563540279865265
impervious_pct,87.44,0.3528579771518707
impervious_pct,87.68,0.3493701815605163
impervious_pct,87.92,0.3458909392356872
impervious_pct,88.16,0.3424205482006073
impervious_pct,88.4,0.3389595746994018
impervious_pct,88.64,0.3355083763599396
impervious_pct,88.88,0.3320673108100891
impervious_pct,89.12,0.3286366164684295
impervious_pct,89.36,0.3252169489860534
impervious_pct,89.6,0.3218085169792175
impervious_pct,89.84,0.3184117376804352
impervious_pct,90.08,0.3150268793106079
impervious_pct,90.32,0.3116544783115387
impervious_pct,90.56,0.3082948327064514
impervious_pct,90.8,0.3049481213092804
impervious_pct,91.04,0.3016149699687958
impervious_pct,91.28,0.2982955873012543
impervious_pct,91.52,0.2949903011322021
impervious_pct,91.76,0.2916993796825409
impervious_pct,92.0,0.2884232997894287
impervious_pct,92.24,0.2851623296737671
impervious_pct,92.48,0.2819166481494903
impervious_pct,92.72,0.2786867618560791
impervious_pct,92.96,0.2754729390144348
impervious_pct,93.2,0.2722753882408142
impervious_pct,93.44,0.2690943479537964
impervious_pct,93.68,0.2659303247928619
impervious_pct,93.92,0.2627834379673004
impervious_pct,94.16,0.2596539258956909
impervious_pct,94.4,0.2565422058105469
impervious_pct,94.64,0.2534484565258026
impervious_pct,94.88,0.2503729462623596
impervious_pct,95.12,0.2473157793283462
impervious_pct,95.36,0.2442774474620819
impervious_pct,95.6,0.2412580549716949
impervious_pct,95.84,0.2382578253746032
impervious_pct,96.08,0.2352769076824188
impervious_pct,96.32,0.2323157042264938
impervious_pct,96.56,0.2293743044137954
impervious_pct,96.8,0.2264528274536132
impervious_pct,97.04,0.2235516607761383
impervious_pct,97.28,0.2206709086894989
impervious_pct,97.52,0.217810720205307
impervious_pct,97.76,0.2149711996316909
impervious_pct,98.0,0.2121527045965194
impervious_pct,98.24,0.209355279803276
impervious_pct,98.48,0.2065790146589279
impervious_pct,98.72,0.2038242220878601
impervious_pct,98.96,0.2010909467935562
impervious_pct,99.2,0.1983793377876281
impervious_pct,99.44,0.1956894248723983
impervious_pct,99.68,0.1930215060710907
impervious_pct,99.92,0.1903756111860275
impervious_pct,100.16,0.1894985288381576
impervious_pct,100.4,0.1894985288381576
impervious_pct,100.64,0.1894985288381576
impervious_pct,100.88,0.1894985288381576
impervious_pct,101.12,0.1894985288381576
impervious_pct,101.36,0.1894985288381576
impervious_pct,101.6,0.1894985288381576
impervious_pct,101.84,0.1894985288381576
impervious_pct,102.08,0.1894985288381576
impervious_pct,102.32,0.1894985288381576
impervious_pct,102.56,0.1894985288381576
impervious_pct,102.8,0.1894985288381576
impervious_pct,103.04,0.1894985288381576
impervious_pct,103.28,0.1894985288381576
impervious_pct,103.52,0.1894985288381576
impervious_pct,103.76,0.1894985288381576
impervious_pct,104.0,0.1894985288381576
impervious_pct,104.24,0.1894985288381576
impervious_pct,104.48,0.1894985288381576
impervious_pct,104.72,0.1894985288381576
impervious_pct,104.96,0.1894985288381576
impervious_pct,105.2,0.1894985288381576
impervious_pct,105.44,0.1894985288381576
impervious_pct,105.68,0.1894985288381576
impervious_pct,105.92,0.1894985288381576
impervious_pct,106.16,0.1894985288381576
impervious_pct,106.4,0.1894985288381576
impervious_pct,106.64,0.1894985288381576
impervious_pct,106.88,0.1894985288381576
impervious_pct,107.12,0.1894985288381576
impervious_pct,107.36,0.1894985288381576
impervious_pct,107.6,0.1894985288381576
impervious_pct,107.84,0.1894985288381576
impervious_pct,108.08,0.1894985288381576
impervious_pct,108.32,0.1894985288381576
impervious_pct,108.56,0.1894985288381576
impervious_pct,108.8,0.1894985288381576
impervious_pct,109.04,0.1894985288381576
impervious_pct,109.28,0.1894985288381576
impervious_pct,109.52,0.1894985288381576
impervious_pct,109.76,0.1894985288381576
impervious_pct,110.0,0.1894985288381576
ksat,-1.166979092359543,0.0041302568279206
ksat,-1.1615239379882814,0.0041302568279206
ksat,-1.1560687836170196,0.0041302568279206
ksat,-1.150613629245758,0.0041302568279206
ksat,-1.1451584748744963,0.0041302568279206
ksat,-1.139703320503235,0.0041302568279206
ksat,-1.1342481661319732,0.0041302568279206
ksat,-1.1287930117607117,0.0041302568279206
ksat,-1.12333785738945,0.0041302568279206
ksat,-1.1178827030181886,0.0041302568279206
ksat,-1.1124275486469268,0.0041302568279206
ksat,-1.1069723942756653,0.0041302568279206
ksat,-1.1015172399044038,0.0041302568279206
ksat,-1.0960620855331422,0.0041302568279206
ksat,-1.0906069311618805,0.0041302568279206
ksat,-1.085151776790619,0.0041302568279206
ksat,-1.0796966224193574,0.0041302568279206
ksat,-1.0742414680480958,0.0041302568279206
ksat,-1.068786313676834,0.0041302568279206
ksat,-1.0633311593055723,0.0041302568279206
ksat,-1.057876004934311,0.0041302568279206
ksat,-1.0524208505630497,0.0041302568279206
ksat,-1.0469656961917877,0.0041302568279206
ksat,-1.0415105418205262,0.0041302568279206
ksat,-1.0360553874492646,0.0041302568279206
ksat,-1.0306002330780029,0.0041302568279206
ksat,-1.025145078706741,0.0041302568279206
ksat,-1.0196899243354798,0.0041302568279206
ksat,-1.0142347699642182,0.0041302568279206
ksat,-1.0087796155929565,0.0041302568279206
ksat,-1.003324461221695,0.0041302568279206
ksat,-0.9978693068504334,0.0041302568279206
ksat,-0.9924141524791718,0.0041302568279206
ksat,-0.9869589981079102,0.0041302568279206
ksat,-0.9815038437366486,0.0041302568279206
ksat,-0.976048689365387,0.0041302568279206
ksat,-0.9705935349941254,0.0041302568279206
ksat,-0.9651383806228638,0.0041302568279206
ksat,-0.9596832262516022,0.0041302568279206
ksat,-0.9542280718803406,0.0041302568279206
ksat,-0.948772917509079,0.0041302568279206
ksat,-0.9433177631378172,0.0041302568279206
ksat,-0.9378626087665558,0.0041971807368099
ksat,-0.9324074543952944,0.0044039594940841
ksat,-0.9269523000240326,0.0046200188808143
ksat,-0.9214971456527712,0.00484572770074
ksat,-0.9160419912815094,0.0050814691931009
ksat,-0.910586836910248,0.0053276303224265
ksat,-0.9051316825389862,0.0055846176110208
ksat,-0.8996765281677246,0.0058528524823486
ksat,-0.894221373796463,0.0061327591538429
ksat,-0.8887662194252015,0.006424784194678
ksat,-0.8833110650539397,0.0067293858155608
ksat,-0.8778559106826782,0.0070470380596816
ksat,-0.8724007563114167,0.0073782205581665
ksat,-0.8669456019401551,0.0077234357595443
ksat,-0.8614904475688935,0.008083201944828
ksat,-0.8560352931976318,0.0084580406546592
ksat,-0.8505801388263703,0.0088485004380345
ksat,-0.8451249844551088,0.0092551447451114
ksat,-0.8396698300838471,0.0096785388886928
ksat,-0.8342146757125855,0.0101192779839038
ksat,-0.8287595213413239,0.0105779692530632
ksat,-0.8233043669700623,0.0110552394762635
ksat,-0.8178492125988006,0.0115517172962427
ksat,-0.8123940582275391,0.012068061158061
ksat,-0.8069389038562775,0.0126049490645527
ksat,-0.8014837494850159,0.0131630571559071
ksat,-0.7960285951137542,0.0137430941686034
ksat,-0.7905734407424927,0.0143457893282175
ksat,-0.7851182863712312,0.0149718662723898
ksat,-0.7796631319999696,0.015622085891664
ksat,-0.7742079776287079,0.0162972286343574
ksat,-0.7687528232574463,0.0169980656355619
ksat,-0.7632976688861848,0.0177254099398851
ksat,-0.7578425145149231,0.018480084836483
ksat,-0.7523873601436615,0.0192629359662532
ksat,-0.7469322057723999,0.0200748033821582
ksat,-0.7414770514011384,0.0209165625274181
ksat,-0.7360218970298767,0.0217891167849302
ksat,-0.7305667426586151,0.0226933453232049
ksat,-0.7251115882873536,0.0236301813274621
ksat,-0.7196564339160919,0.0246005691587924
ksat,-0.7142012795448304,0.0256054382771253
ksat,-0.7087461251735687,0.0266457665711641
ksat,-0.7032909708023072,0.027722530066967
ksat,-0.6978358164310456,0.02883674018085
ksat,-0.6923806620597839,0.0299893766641616
ksat,-0.6869255076885223,0.03118147701025
ksat,-0.6814703533172608,0.0324140861630439
ksat,-0.6760151989459993,0.0336882211267948
ksat,-0.6705600445747376,0.0350049547851085
ksat,-0.665104890203476,0.036365371197462
ksat,-0.6596497358322144,0.0377705208957195
ksat,-0.6541945814609528,0.0392214991152286
ksat,-0.6487394270896912,0.0407194234430789
ksat,-0.6432842727184296,0.0422653667628765
ksat,-0.637829118347168,0.043860450387001
ksat,-0.6323739639759064,0.0455057919025421
ksat,-0.6269188096046447,0.0472025275230407
ksat,-0.6214636552333832,0.0489517487585544
ksat,-0.6160085008621216,0.0507545955479145
ksat,-0.61055334649086,0.0526122190058231
ksat,-0.6050981921195984,0.0545257031917572
ksat,-0.5996430377483367,0.0564961954951286
ksat,-0.5941878833770753,0.0585248358547687
ksat,-0.5887327290058136,0.0606127046048641
ksat,-0.5832775746345521,0.0627609342336654
ksat,-0.5778224202632904,0.0649706274271011
ksat,-0.5723672658920288,0.0672429054975509
ksat,-0.5669121115207673,0.0695788040757179
ksat,-0.5614569571495056,0.0719794258475303
ksat,-0.5560018027782441,0.0744458511471748
ksat,-0.5505466484069824,0.0769790783524513
ksat,-0.5450914940357208,0.0795801430940628
ksat,-0.5396363396644592,0.0822500959038734
ksat,-0.5341811852931976,0.0849898606538772
ksat,-0.5287260309219362,0.0878004282712936
ksat,-0.5232708765506745,0.0906827226281166
ksat,-0.5178157221794129,0.0936376973986625
ksat,-0.5123605678081513,0.0966661646962165
ksat,-0.5069054134368897,0.0997689962387085
ksat,-0.5014502590656281,0.1029470413923263
ksat,-0.4959951046943665,0.1062010079622268
ksat,-0.4905399503231048,0.1095316931605339
ksat,-0.4850847959518433,0.11293975263834
ksat,-0.4796296415805816,0.1164258792996406
ksat,-0.4741744872093201,0.1199906468391418
ksat,-0.4687193328380584,0.1236346587538719
ksat,-0.4632641784667969,0.1273584067821502
ksat,-0.4578090240955353,0.1311623305082321
ksat,-0.4523538697242737,0.1350468844175338
ksat,-0.4468987153530122,0.1390123814344406
ksat,-0.4414435609817505,0.1430591642856598
ksat,-0.4359884066104889,0.1471874266862869
ksat,-0.4305332522392273,0.1513973474502563
ksat,-0.4250780978679657,0.1556890606880188
ksat,-0.4196229434967041,0.1600625813007354
ksat,-0.4141677891254425,0.1645179241895675
ksat,-0.4087126347541808,0.1690549701452255
ksat,-0.4032574803829193,0.173673540353775
ksat,-0.3978023260116576,0.1783734411001205
ksat,-0.3923471716403962,0.1831543445587158
ksat,-0.3868920172691346,0.1880158334970474
ksat,-0.3814368628978729,0.1929574906826019
ksat,-0.3759817085266114,0.1979787200689315
ksat,-0.3705265541553497,0.2030789703130722
ksat,-0.3650713997840882,0.2082575112581253
ksat,-0.3596162454128265,0.2135135233402252
ksat,-0.3541610910415649,0.2188462018966674
ksat,-0.3487059366703033,0.2242545336484909
ksat,-0.3432507822990417,0.2297375798225402
ksat,-0.3377956279277802,0.2352941781282425
ksat,-0.3323404735565185,0.2409230917692184
ksat,-0.326885319185257,0.2466231286525726
ksat,-0.3214301648139954,0.2523928582668304
ksat,-0.3159750104427338,0.2582308948040008
ksat,-0.3105198560714722,0.2641356885433197
ksat,-0.3050647017002106,0.2701055705547333
ksat,-0.2996095473289489,0.2761389911174774
ksat,-0.2941543929576874,0.2822340428829193
ksat,-0.2886992385864257,0.2883889973163605
ksat,-0.2832440842151642,0.2946019172668457
ksat,-0.2777889298439026,0.3008707165718078
ksat,-0.2723337754726409,0.3071934282779693
ksat,-0.2668786211013794,0.3135678470134735
ksat,-0.2614234667301178,0.3199918568134308
ksat,-0.2559683123588563,0.3264631330966949
ksat,-0.2505131579875946,0.332979291677475
ksat,-0.245058003616333,0.339538037776947
ksat,-0.2396028492450714,0.3461368381977081
ksat,-0.2341476948738098,0.3527731895446777
ksat,-0.2286925405025482,0.3594445884227752
ksat,-0.2232373861312866,0.3661483824253082
ksat,-0.2177822317600249,0.3728819191455841
ksat,-0.2123270773887634,0.3796424865722656
ksat,-0.2068719230175018,0.3864274024963379
ksat,-0.2014167686462402,0.3932338356971741
ksat,-0.1959616142749787,0.4000590443611145
ksat,-0.190506459903717,0.4069001376628876
ksat,-0.1850513055324555,0.4137543141841888
ksat,-0.1795961511611938,0.4206186532974243
ksat,-0.1741409967899323,0.4274903535842895
ksat,-0.1686858424186706,0.4343664646148681
ksat,-0.163230688047409,0.4412440955638885
ksat,-0.1577755336761475,0.4481203258037567
ksat,-0.1523203793048859,0.4549922943115234
ksat,-0.1468652249336244,0.4618571102619171
ksat,-0.1414100705623626,0.4687118530273437
ksat,-0.1359549161911011,0.4755536913871765
ksat,-0.1304997618198395,0.4823797345161438
ksat,-0.1250446074485778,0.4891872107982635
ksat,-0.1195894530773162,0.4959732890129089
ksat,-0.1141342987060545,0.5027352571487427
ksat,-0.1086791443347932,0.5094702839851379
ksat,-0.1032239899635314,0.5161756873130798
ksat,-0.0977688355922699,0.522848904132843
ksat,-0.0923136812210083,0.5294872522354126
ksat,-0.0868585268497466,0.536088228225708
ksat,-0.0814033724784852,0.5426493287086487
ksat,-0.0759482181072235,0.5491679906845093
ksat,-0.0704930637359619,0.5556419491767883
ksat,-0.0650379093647002,0.5620688199996948
ksat,-0.0595827549934386,0.5684463381767273
ksat,-0.0541276006221771,0.574772298336029
ksat,-0.0486724462509156,0.5810445547103882
ksat,-0.0432172918796538,0.5872610211372375
ksat,-0.0377621375083923,0.5934197902679443
ksat,-0.0323069831371305,0.599518895149231
ksat,-0.0268518287658692,0.6055564880371094
ksat,-0.0213966743946076,0.6115307807922363
ksat,-0.0159415200233459,0.6174401044845581
ksat,-0.0104863656520843,0.6232828497886658
ksat,-0.0050312112808226,0.6290574669837952
ksat,0.0004239430904386943,0.6347625255584717
ksat,0.0058790974617004,0.6403966546058655
ksat,0.0113342518329619,0.6459585428237915
ksat,0.0167894062042237,0.6514469981193542
ksat,0.0222445605754852,0.656860888004303
ksat,0.0276997149467468,0.6621991395950317
ksat,0.0331548693180083,0.6674607396125793
ksat,0.0386100236892699,0.672644853591919
ksat,0.0440651780605316,0.6777506470680237
ksat,0.0495203324317932,0.6827774047851562
ksat,0.0549754868030547,0.6877244114875793
ksat,0.0604306411743162,0.69259113073349
ksat,0.065885795545578,0.6973769664764404
ksat,0.0713409499168395,0.7020815014839172
ksat,0.0767961042881013,0.7067043781280518
ksat,0.0822512586593626,0.7112452983856201
ksat,0.0877064130306244,0.7157039642333984
ksat,0.0931615674018859,0.7200802564620972
ksat,0.0986167217731477,0.7243739366531372
ksat,0.1040718761444092,0.7285851240158081
ksat,0.1095270305156705,0.7327136397361755
ksat,0.1149821848869323,0.7367596626281738
ksat,0.1204373392581938,0.7407232522964478
ksat,0.1258924936294556,0.7446045279502869
ksat,0.1313476480007172,0.748403787612915
ksat,0.1368028023719787,0.7521212100982666
ksat,0.1422579567432402,0.7557570934295654
ksat,0.147713111114502,0.759311854839325
ksat,0.1531682654857635,0.7627857327461243
ksat,0.1586234198570253,0.7661792635917664
ksat,0.1640785742282866,0.7694928050041199
ksat,0.1695337285995484,0.7727269530296326
ksat,0.1749888829708099,0.7758820652961731
ksat,0.1804440373420714,0.778958797454834
ksat,0.1858991917133332,0.7819576263427734
ksat,0.1913543460845945,0.784879207611084
ksat,0.1968095004558563,0.7877241373062134
ksat,0.2022646548271178,0.7904930114746094
ksat,0.2077198091983796,0.7931864261627197
ksat,0.2131749635696411,0.7958050966262817
ksat,0.2186301179409027,0.7983496785163879
ksat,0.2240852723121642,0.8008208274841309
ksat,0.229540426683426,0.803219199180603
ksat,0.2349955810546875,0.8055455684661865
ksat,0.240450735425949,0.8078005313873291
ksat,0.2459058897972106,0.8099848031997681
ksat,0.2513610441684721,0.8120990991592407
ksat,0.2568161985397339,0.8141440749168396
ksat,0.2622713529109954,0.816120445728302
ksat,0.2677265072822572,0.8180289268493652
ksat,0.2731816616535185,0.8198701739311218
ksat,0.2786368160247803,0.8216447830200195
ksat,0.2840919703960418,0.8233535289764404
ksat,0.2895471247673036,0.8249970078468323
ksat,0.2950022791385651,0.8265758156776428
ksat,0.3004574335098267,0.8280906677246094
ksat,0.3059125878810882,0.8295421004295349
ksat,0.3113677422523497,0.830930769443512
ksat,0.3168228966236115,0.8322572112083435
ksat,0.322278050994873,0.8335219621658325
ksat,0.3277332053661346,0.8347256779670715
ksat,0.3331883597373961,0.835868775844574
ksat,0.3386435141086579,0.8369518518447876
ksat,0.3440986684799194,0.8379753232002258
ksat,0.3495538228511812,0.8389396667480469
ksat,0.3550089772224425,0.8398453593254089
ksat,0.3604641315937043,0.8406927585601807
ksat,0.3659192859649658,0.8414823412895203
ksat,0.3713744403362276,0.8422144651412964
ksat,0.3768295947074891,0.8428894281387329
ksat,0.3822847490787504,0.8435075879096985
ksat,0.3877399034500122,0.844069242477417
ksat,0.3931950578212737,0.8445746302604675
ksat,0.3986502121925355,0.845024049282074
ksat,0.404105366563797,0.8454177379608154
ksat,0.4095605209350585,0.8457558155059814
ksat,0.4150156753063201,0.8460385203361511
ksat,0.4204708296775818,0.8462659120559692
ksat,0.4259259840488434,0.8464382290840149
ksat,0.4313811384201051,0.8465554118156433
ksat,0.4368362927913665,0.8466176390647888
ksat,0.442291447162628,0.8466248512268066
ksat,0.4477466015338898,0.8465771079063416
ksat,0.4532017559051513,0.8464744091033936
ksat,0.4586569102764131,0.8463166356086731
ksat,0.4641120646476744,0.8461037278175354
ksat,0.4695672190189361,0.8458355665206909
ksat,0.4750223733901977,0.8455120921134949
ksat,0.4804775277614594,0.8451330661773682
ksat,0.485932682132721,0.8446983695030212
ksat,0.4913878365039825,0.8442077040672302
ksat,0.4968429908752441,0.8436608910560608
ksat,0.5022981452465058,0.8430576324462891
ksat,0.5077532996177674,0.8423976302146912
ksat,0.5132084539890289,0.8416805863380432
ksat,0.5186636083602905,0.8409062027931213
ksat,0.524118762731552,0.8400740027427673
ksat,0.5295739171028138,0.8391836881637573
ksat,0.5350290714740753,0.8382348418235779
ksat,0.5404842258453371,0.837226927280426
ksat,0.5459393802165984,0.8361596465110779
ksat,0.5513945345878601,0.8350323438644409
ksat,0.5568496889591217,0.8338446617126465
ksat,0.5623048433303834,0.8325960040092468
ksat,0.567759997701645,0.831285834312439
ksat,0.5732151520729063,0.8299136161804199
ksat,0.5786703064441681,0.8284787535667419
ksat,0.5841254608154296,0.8269806504249573
ksat,0.5895806151866914,0.8254187703132629
ksat,0.5950357695579529,0.8237923383712769
ksat,0.6004909239292144,0.8221008777618408
ksat,0.605946078300476,0.8203436136245728
ksat,0.6114012326717377,0.8185200095176697
ksat,0.6168563870429993,0.8166292905807495
ksat,0.622311541414261,0.8146708607673645
ksat,0.6277666957855224,0.8126440048217773
ksat,0.6332218501567841,0.810547947883606
ksat,0.6386770045280457,0.8083821535110474
ksat,0.6441321588993072,0.8061459064483643
ksat,0.649587313270569,0.8038383722305298
ksat,0.6550424676418303,0.801459014415741
ksat,0.660497622013092,0.7990071177482605
ksat,0.6659527763843536,0.7964819073677063
ksat,0.6714079307556153,0.7938827872276306
ksat,0.6768630851268769,0.7912091016769409
ksat,0.6823182394981384,0.7884601950645447
ksat,0.6877733938694,0.7856353521347046
ksat,0.6932285482406617,0.7827339768409729
ksat,0.6986837026119233,0.7797555327415466
ksat,0.704138856983185,0.7766993641853333
ksat,0.7095940113544463,0.7735649347305298
ksat,0.7150491657257079,0.7703516483306885
ksat,0.7205043200969696,0.7670590281486511
ksat,0.7259594744682312,0.7636865973472595
ksat,0.7314146288394929,0.7602338790893555
ksat,0.7368697832107542,0.7567004561424255
ksat,0.742324937582016,0.7530859708786011
ksat,0.7477800919532775,0.7493900656700134
ksat,0.7532352463245393,0.745612382888794
ksat,0.7586904006958008,0.7417526841163635
ksat,0.7641455550670624,0.7378107905387878
ksat,0.7696007094383239,0.7337864637374878
ksat,0.7750558638095855,0.7296796441078186
ksat,0.7805110181808472,0.7254902124404907
ksat,0.7859661725521088,0.7212182283401489
ksat,0.7914213269233703,0.7168636322021484
ksat,0.7968764812946318,0.7124266624450684
ksat,0.8023316356658936,0.7079073786735535
ksat,0.8077867900371551,0.7033060789108276
ksat,0.8132419444084169,0.6986229419708252
ksat,0.8186970987796782,0.6938585042953491
ksat,0.82415225315094,0.6890130639076233
ksat,0.8296074075222015,0.6840870976448059
ksat,0.8350625618934633,0.6790812611579895
ksat,0.8405177162647248,0.6739962100982666
ksat,0.8459728706359864,0.6688326001167297
ksat,0.8514280250072479,0.6635913252830505
ksat,0.8568831793785094,0.6582731604576111
ksat,0.862338333749771,0.6528791189193726
ksat,0.867793488121033,0.6474101543426514
ksat,0.8732486424922941,0.6418675184249878
ksat,0.878703796863556,0.6362522840499878
ksat,0.8841589512348176,0.6305657029151917
ksat,0.8896141056060791,0.6248092651367188
ksat,0.8950692599773407,0.6189842820167542
ksat,0.9005244143486026,0.613092303276062
ksat,0.9059795687198636,0.6071349382400513
ksat,0.9114347230911256,0.6011138558387756
ksat,0.9168898774623871,0.5950307846069336
ksat,0.9223450318336484,0.5888875126838684
ksat,0.9278001862049104,0.5826860666275024
ksat,0.933255340576172,0.5764282941818237
ksat,0.938710494947434,0.5701162219047546
ksat,0.944165649318695,0.5637521147727966
ksat,0.9496208036899564,0.5573379993438721
ksat,0.9550759580612184,0.5508762001991272
ksat,0.96053111243248,0.5443690419197083
ksat,0.9659862668037416,0.537818968296051
ksat,0.9714414211750032,0.5312281847000122
ksat,0.9768965755462646,0.5245994329452515
ksat,0.9823517299175262,0.5179351568222046
ksat,0.9878068842887876,0.5112379789352417
ksat,0.9932620386600496,0.5045104026794434
ksat,0.9987171930313112,0.4977553188800812
ksat,1.0041723474025723,0.4909753501415252
ksat,1.0096275017738343,0.4841732680797577
ksat,1.015082656145096,0.4773518443107605
ksat,1.0205378105163578,0.4705137610435486
ksat,1.025992964887619,0.463662177324295
ksat,1.0314481192588805,0.4567997455596924
ksat,1.0369032736301425,0.449929416179657
ksat,1.0423584280014035,0.4430540204048157
ksat,1.0478135823726655,0.4361765086650848
ksat,1.053268736743927,0.4292995929718017
ksat,1.0587238911151886,0.4224264919757843
ksat,1.06417904548645,0.4155599474906921
ksat,1.0696341998577117,0.4087028205394745
ksat,1.0750893542289737,0.4018580317497253
ksat,1.0805445086002352,0.3950284123420715
ksat,1.0859996629714963,0.3882167637348175
ksat,1.0914548173427585,0.3814257979393005
ksat,1.0969099717140198,0.3746585845947265
ksat,1.1023651260852818,0.3679176867008209
ksat,1.107820280456543,0.3612058460712433
ksat,1.1132754348278044,0.3545256853103637
ksat,1.1187305891990664,0.3478798568248749
ksat,1.1241857435703275,0.3412708044052124
ksat,1.1296408979415895,0.3347013294696808
ksat,1.135096052312851,0.3281737267971039
ksat,1.1405512066841126,0.3216904401779175
ksat,1.146006361055374,0.3152537941932678
ksat,1.1514615154266357,0.3088661134243011
ksat,1.1569166697978976,0.3025296032428741
ksat,1.1623718241691592,0.2962462902069092
ksat,1.1678269785404205,0.2900184988975525
ksat,1.1732821329116825,0.2838481366634369
ksat,1.1787372872829438,0.2777371406555176
ksat,1.1841924416542051,0.2716873586177826
ksat,1.1896475960254669,0.2657005786895752
ksat,1.1951027503967284,0.2597785294055938
ksat,1.2005579047679904,0.2539226710796356
ksat,1.2060130591392515,0.2481348365545272
ksat,1.2114682135105137,0.2424163520336151
ksat,1.216923367881775,0.2367686033248901
ksat,1.2223785222530366,0.231192871928215
ksat,1.227833676624298,0.2256903946399688
ksat,1.2332888309955596,0.2202621847391128
ksat,1.2387439853668216,0.2149095088243484
ksat,1.2441991397380827,0.2096332460641861
ksat,1.2496542941093445,0.204434260725975
ksat,1.2551094484806062,0.1993133723735809
ksat,1.2605646028518678,0.1942712813615799
ksat,1.266019757223129,0.1893086433410644
ksat,1.2714749115943909,0.1844259202480316
ksat,1.2769300659656524,0.1796237826347351
ksat,1.2823852203369144,0.1749025583267212
ksat,1.2878403747081757,0.1702625751495361
ksat,1.2932955290794377,0.165704071521759
ksat,1.298750683450699,0.1612272411584854
ksat,1.3042058378219603,0.1568320840597152
ksat,1.309660992193222,0.1525188535451889
ksat,1.3151161465644836,0.1482874304056167
ksat,1.3205713009357456,0.1441377103328704
ksat,1.3260264553070067,0.1400695145130157
ksat,1.3314816096782682,0.1360826641321182
ksat,1.3369367640495302,0.1347717046737671
ksat,1.3423919184207918,0.1347717046737671
ksat,1.3478470727920533,0.1347717046737671
ksat,1.3533022271633148,0.1347717046737671
ksat,1.3587573815345764,0.1347717046737671
ksat,1.3642125359058384,0.1347717046737671
ksat,1.3696676902770994,0.1347717046737671
ksat,1.3751228446483614,0.1347717046737671
ksat,1.380577999019623,0.1347717046737671
ksat,1.386033153390884,0.1347717046737671
ksat,1.391488307762146,0.1347717046737671
ksat,1.3969434621334076,0.1347717046737671
ksat,1.4023986165046696,0.1347717046737671
ksat,1.4078537708759309,0.1347717046737671
ksat,1.4133089252471922,0.1347717046737671
ksat,1.4187640796184542,0.1347717046737671
ksat,1.4242192339897155,0.1347717046737671
ksat,1.4296743883609773,0.1347717046737671
ksat,1.4351295427322388,0.1347717046737671
ksat,1.4405846971035003,0.1347717046737671
ksat,1.446039851474762,0.1347717046737671
ksat,1.4514950058460234,0.1347717046737671
ksat,1.4569501602172854,0.1347717046737671
ksat,1.462405314588547,0.1347717046737671
ksat,1.467860468959808,0.1347717046737671
ksat,1.47331562333107,0.1347717046737671
ksat,1.4787707777023316,0.1347717046737671
ksat,1.4842259320735935,0.1347717046737671
ksat,1.4896810864448546,0.1347717046737671
ksat,1.4951362408161162,0.1347717046737671
ksat,1.5005913951873782,0.1347717046737671
ksat,1.5060465495586397,0.1347717046737671
ksat,1.5115017039299012,0.1347717046737671
ksat,1.5169568583011628,0.1347717046737671
ksat,1.5224120126724243,0.1347717046737671
ksat,1.527867167043686,0.1347717046737671
ksat,1.5333223214149474,0.1347717046737671
ksat,1.5387774757862094,0.1347717046737671
ksat,1.544232630157471,0.1347717046737671
ksat,1.549687784528732,0.1347717046737671
ksat,1.555142938899994,0.1347717046737671
ksat,1.5605980932712555,0.1347717046737671
nlcd_landcover,11.0,0.2866440415382385
nlcd_landcover,21.0,0.8804398775100708
nlcd_landcover,22.0,0.7984453439712524
nlcd_landcover,23.0,0.8055344820022583
nlcd_landcover,24.0,0.879513680934906
nlcd_landcover,31.0,0.8055344820022583
nlcd_landcover,41.0,0.6872612833976746
nlcd_landcover,42.0,0.8055344820022583
nlcd_landcover,43.0,0.8055344820022583
nlcd_landcover,52.0,0.999996542930603
nlcd_landcover,71.0,0.8995214104652405
nlcd_landcover,81.0,0.5352807641029358
nlcd_landcover,82.0,0.3829697072505951
nlcd_landcover,90.0,0.9722802639007568
nlcd_landcover,95.0,0.9933326840400696
population_density,-634.3669921875,0.786601722240448
population_density,-619.142184375,0.786601722240448
population_density,-603.9173765625001,0.786601722240448
population_density,-588.6925687500001,0.786601722240448
population_density,-573.4677609375001,0.786601722240448
population_density,-558.242953125,0.786601722240448
population_density,-543.0181453125001,0.786601722240448
population_density,-527.7933375,0.786601722240448
population_density,-512.5685296875,0.786601722240448
population_density,-497.343721875,0.786601722240448
population_density,-482.1189140625,0.786601722240448
population_density,-466.8941062500001,0.786601722240448
population_density,-451.66929843750006,0.786601722240448
population_density,-436.44449062500007,0.786601722240448
population_density,-421.2196828125001,0.786601722240448
population_density,-405.994875,0.786601722240448
population_density,-390.7700671875001,0.786601722240448
population_density,-375.54525937500006,0.786601722240448
population_density,-360.32045156250007,0.786601722240448
population_density,-345.09564375,0.786601722240448
population_density,-329.87083593750003,0.786601722240448
population_density,-314.64602812500004,0.786601722240448
population_density,-299.42122031250005,0.786601722240448
population_density,-284.19641250000006,0.786601722240448
population_density,-268.9716046875001,0.786601722240448
population_density,-253.74679687500003,0.786601722240448
population_density,-238.52198906250004,0.786601722240448
population_density,-223.29718125000005,0.786601722240448
population_density,-208.0723734375001,0.786601722240448
population_density,-192.84756562500007,0.786601722240448
population_density,-177.62275781250003,0.786601722240448
population_density,-162.39795000000004,0.786601722240448
population_density,-147.17314218750005,0.786601722240448
population_density,-131.94833437500006,0.786601722240448
population_density,-116.72352656250008,0.786601722240448
population_density,-101.49871875000008,0.786601722240448
population_density,-86.27391093750009,0.786601722240448
population_density,-71.0491031250001,0.786601722240448
population_density,-55.8242953125,0.786601722240448
population_density,-40.59948750000012,0.786601722240448
population_density,-25.37467968750002,0.786601722240448
population_density,-10.149871875000144,0.786601722240448
population_density,5.074935937499959,0.7866708636283875
population_density,20.299743749999948,0.7868829369544983
population_density,35.52455156249994,0.7871021032333374
population_density,50.749359374999926,0.7873284816741943
population_density,65.97416718749992,0.7875620126724243
population_density,81.1989749999999,0.7878026366233826
population_density,96.4237828124999,0.7880503535270691
population_density,111.64859062499988,0.7883052229881287
population_density,126.8733984375,0.7885671854019165
population_density,142.09820624999986,0.7888362407684326
population_density,157.32301406249996,0.7891123294830322
population_density,172.54782187499984,0.7893955111503601
population_density,187.77262968749997,0.7896857857704163
population_density,202.99743749999996,0.7899830937385559
population_density,218.22224531249992,0.790287435054779
population_density,233.4470531249999,0.7905988097190857
population_density,248.6718609374999,0.7909172177314758
population_density,263.8966687499999,0.7912425994873047
population_density,279.1214765625,0.7915749549865723
population_density,294.34628437499987,0.7919142842292786
population_density,309.5710921875,0.7922606468200684
population_density,324.79589999999985,0.7926138639450073
population_density,340.02070781249995,0.7929741144180298
population_density,355.24551562499994,0.7933412194252014
population_density,370.4703234374999,0.793715238571167
population_density,385.6951312499999,0.7940961718559265
population_density,400.9199390624999,0.7944839596748352
population_density,416.144746875,0.7948786020278931
population_density,431.3695546874999,0.7952801585197449
population_density,446.5943625,0.7956884503364563
population_density,461.8191703124999,0.7961035966873169
population_density,477.043978125,0.7965255975723267
population_density,492.26878593749984,0.7969542741775513
population_density,507.49359375,0.797389805316925
population_density,522.7184015625,0.7978320121765137
population_density,537.9432093749999,0.7982809543609619
population_density,553.1680171874998,0.7987366318702698
population_density,568.3928249999999,0.7991989850997925
population_density,583.6176328125,0.79966801404953
population_density,598.8424406250001,0.8001436591148376
population_density,614.0672484374998,0.8006259202957153
population_density,629.2920562499999,0.8011148571968079
population_density,644.5168640625,0.8016103506088257
population_density,659.7416718750001,0.802112340927124
population_density,674.9664796874999,0.8026209473609924
population_density,690.1912874999998,0.8031360507011414
population_density,705.4160953124999,0.8036576509475708
population_density,720.6409031249998,0.8041857481002808
population_density,735.8657109374999,0.8047202825546265
population_density,751.09051875,0.8052611947059631
population_density,766.3153265624999,0.8058085441589355
population_density,781.5401343749998,0.8063622713088989
population_density,796.7649421874999,0.8069223761558533
population_density,811.98975,0.807488739490509
population_density,827.2145578124998,0.808061420917511
population_density,842.4393656249997,0.8086404204368591
population_density,857.6641734374998,0.8092256188392639
population_density,872.8889812499999,0.8098170757293701
population_density,888.1137890625,0.8104146718978882
population_density,903.3385968749996,0.8110184669494629
population_density,918.5634046874998,0.8116283416748047
population_density,933.7882125,0.8122443556785583
population_density,949.0130203125,0.8128664493560791
population_density,964.237828125,0.8134945631027222
population_density,979.4626359374996,0.8141286969184875
population_density,994.6874437499998,0.8147687911987305
population_density,1009.9122515625,0.8154148459434509
population_density,1025.1370593749998,0.8160668611526489
population_density,1040.3618671875,0.8167246580123901
population_density,1055.5866749999998,0.8173883557319641
population_density,1070.8114828125,0.8180578947067261
population_density,1086.0362906249998,0.8187331557273865
population_density,1101.2610984375,0.8194141983985901
population_density,1116.48590625,0.8201009035110474
population_density,1131.7107140624998,0.8207933306694031
population_density,1146.9355218749995,0.8214913606643677
population_density,1162.1603296874998,0.8221949338912964
population_density,1177.3851375,0.8229041695594788
population_density,1192.6099453125,0.8236188292503357
population_density,1207.8347531249997,0.8243390321731567
population_density,1223.0595609374998,0.8250646591186523
population_density,1238.28436875,0.8257956504821777
population_density,1253.5091765625,0.8265320658683777
population_density,1268.733984375,0.8272737264633179
population_density,1283.9587921874995,0.8280206918716431
population_density,1299.1835999999998,0.8287729024887085
population_density,1314.4084078125,0.8295302987098694
population_density,1329.6332156249998,0.8302928805351257
population_density,1344.8580234375,0.831060528755188
population_density,1360.0828312499998,0.8318331837654114
population_density,1375.3076390625,0.8326109051704407
population_density,1390.5324468749998,0.8333935737609863
population_density,1405.7572546875,0.8341811895370483
population_density,1420.9820625,0.8349736332893372
population_density,1436.2068703125,0.8357709050178528
population_density,1451.4316781249995,0.8365729451179504
population_density,1466.6564859375,0.8373797535896301
population_density,1481.8812937499997,0.8381911516189575
population_density,1497.1061015624998,0.8390072584152222
population_density,1512.3309093749997,0.8398278951644897
population_density,1527.5557171875,0.8406530022621155
population_density,1542.780525,0.8414826393127441
population_density,1558.0053328124998,0.8423166871070862
population_density,1573.230140625,0.8431550860404968
population_density,1588.4549484375,0.8439977765083313
population_density,1603.67975625,0.8448446989059448
population_density,1618.9045640624995,0.8456958532333374
population_density,1634.1293718749996,0.8465511202812195
population_density,1649.3541796875,0.8474104404449463
population_density,1664.5789874999998,0.8482738137245178
population_density,1679.8037953125,0.8491411805152893
population_density,1695.028603125,0.8500123620033264
population_density,1710.2534109375,0.8508874773979187
population_density,1725.4782187499998,0.8517662882804871
population_density,1740.7030265624996,0.8526488542556763
population_density,1755.927834375,0.8535351157188416
population_density,1771.1526421875,0.8544248938560486
population_density,1786.3774499999995,0.8553182482719421
population_density,1801.6022578125,0.8562150597572327
population_density,1816.827065625,0.8571152687072754
population_density,1832.0518734375005,0.8580188155174255
population_density,1847.27668125,0.8589256405830383
population_density,1862.5014890625,0.8598356246948242
population_density,1877.726296875,0.8607487678527832
population_density,1892.9511046875,0.8616649508476257
population_density,1908.1759125,0.8625841736793518
population_density,1923.4007203125,0.8635063171386719
population_density,1938.625528125,0.8644312620162964
population_density,1953.8503359375,0.8653590679168701
population_density,1969.07514375,0.866289496421814
population_density,1984.2999515625,0.8672226071357727
population_density,1999.524759375,0.8681582808494568
population_density,2014.7495671875,0.8690964579582214
population_density,2029.974375,0.8700370192527771
population_density,2045.1991828125,0.8709799647331238
population_density,2060.4239906250004,0.8719251751899719
population_density,2075.6487984375,0.872872531414032
population_density,2090.8736062499997,0.8738219738006592
population_density,2106.0984140625,0.8747735023498535
population_density,2121.323221875,0.8757269978523254
population_density,2136.5480296875003,0.8766822814941406
population_density,2151.7728375,0.8776394128799438
population_density,2166.9976453125,0.8785982728004456
population_density,2182.2224531250004,0.8795587420463562
population_density,2197.4472609375,0.880520761013031
population_density,2212.67206875,0.8814842104911804
population_density,2227.8968765624995,0.8824490904808044
population_density,2243.121684375,0.8834152221679688
population_density,2258.3464921875,0.8843826055526733
population_density,2273.5713,0.8853510618209839
population_density,2288.7961078125,0.8863205909729004
population_density,2304.0209156250003,0.8872911334037781
population_density,2319.2457234375,0.8882624506950378
population_density,2334.47053125,0.8892346024513245
population_density,2349.6953390624994,0.8902074098587036
population_density,2364.920146875,0.8911808133125305
population_density,2380.1449546875,0.8921547532081604
population_density,2395.3697624999995,0.8931291103363037
population_density,2410.5945703125,0.8941038250923157
population_density,2425.819378125,0.895078718662262
population_density,2441.0441859375,0.8960538506507874
population_density,2456.26899375,0.8970289826393127
population_density,2471.4938015625,0.8980040550231934
population_density,2486.718609375,0.8989790081977844
population_density,2501.9434171875,0.8999537825584412
population_density,2517.1682249999994,0.9009281992912292
population_density,2532.3930328125,0.9019022583961488
population_density,2547.617840625,0.9028757810592652
population_density,2562.8426484374995,0.9038487076759338
population_density,2578.06745625,0.9048209190368652
population_density,2593.2922640624997,0.9057923555374146
population_density,2608.517071875,0.9067628979682922
population_density,2623.7418796875,0.9077324867248536
population_density,2638.9666875000003,0.908700942993164
population_density,2654.1914953125,0.9096682071685792
population_density,2669.416303125,0.9106342792510986
population_density,2684.6411109374994,0.9115989208221436
population_density,2699.86591875,0.9125620722770692
population_density,2715.0907265625,0.9135237336158752
population_density,2730.3155343749995,0.9144836664199828
population_density,2745.5403421875,0.9154418110847472
population_density,2760.76515,0.9163981080055236
population_density,2775.9899578125,0.9173524975776672
population_density,2791.214765625,0.9183047413825988
population_density,2806.4395734375,0.9192548394203186
population_density,2821.66438125,0.9202027320861816
population_density,2836.8891890625,0.9211481809616088
population_density,2852.1139968749994,0.9220912456512452
population_density,2867.3388046875,0.9230316877365112
population_density,2882.5636125,0.9239695072174072
population_density,2897.7884203124995,0.9249045848846436
population_density,2913.013228125,0.925836741924286
population_density,2928.2380359374997,0.9267659783363342
population_density,2943.46284375,0.927692174911499
population_density,2958.6876515625,0.9286152124404908
population_density,2973.912459375,0.9295349717140198
population_density,2989.1372671875,0.9304513931274414
population_density,3004.362075,0.9313644170761108
population_density,3019.5868828125003,0.932273805141449
population_density,3034.811690625,0.9331796169281006
population_density,3050.036498437499,0.9340816736221312
population_density,3065.2613062499995,0.9349798560142516
population_density,3080.4861140625,0.9358741044998168
population_density,3095.710921875,0.936764359474182
population_density,3110.9357296875,0.937650501728058
population_density,3126.1605375,0.9385324120521544
population_density,3141.3853453125,0.9394099712371826
population_density,3156.610153125,0.9402831196784972
population_density,3171.8349609375,0.941151797771454
population_density,3187.0597687499994,0.9420158863067628
population_density,3202.2845765625,0.9428752660751344
population_density,3217.509384375,0.9437298774719238
population_density,3232.7341921874995,0.9445796608924866
population_density,3247.959,0.9454244375228882
population_density,3263.1838078125,0.9462642073631288
population_density,3278.408615625,0.9470987915992736
population_density,3293.6334234375,0.9479281902313232
population_density,3308.85823125,0.948752224445343
population_density,3324.0830390625,0.9495709538459778
population_density,3339.307846875,0.9503841400146484
population_density,3354.5326546874994,0.951191782951355
population_density,3369.7574625,0.9519938230514526
population_density,3384.9822703125,0.9527900815010072
population_density,3400.2070781250004,0.9535805583000184
population_density,3415.4318859375,0.9543651938438416
population_density,3430.6566937499992,0.9551438093185424
population_density,3445.8815015625,0.9559164047241212
population_density,3461.106309375,0.9566829204559326
population_density,3476.3311171875,0.9574432373046876
population_density,3491.555925,0.958197295665741
population_density,3506.7807328125,0.9589449763298036
population_density,3522.0055406250003,0.9596863389015198
population_density,3537.2303484375,0.9604212045669556
population_density,3552.45515625,0.961149513721466
population_density,3567.6799640625004,0.9618712663650512
population_density,3582.904771875,0.9625863432884216
population_density,3598.1295796874992,0.9632946848869324
population_density,3613.354387500001,0.9639962911605836
population_density,3628.5791953125,0.9646910429000854
population_density,3643.804003125,0.9653788805007936
population_density,3659.0288109375,0.9660597443580629
population_density,3674.25361875,0.9667336344718932
population_density,3689.4784265625,0.9674004912376404
population_density,3704.703234375,0.9680601954460144
population_density,3719.9280421875,0.9687127470970154
population_density,3735.15285,0.9693581461906432
population_density,3750.3776578125,0.9699962735176086
population_density,3765.602465625,0.9706271290779114
population_density,3780.827273437501,0.9712507128715516
population_density,3796.05208125,0.9718668460845948
population_density,3811.2768890625,0.9724756479263306
population_density,3826.501696875,0.9730769991874696
population_density,3841.7265046875,0.9736708998680116
population_density,3856.9513125,0.9742572903633118
population_density,3872.1761203125,0.9748361706733704
population_density,3887.400928125,0.9754074811935424
population_density,3902.6257359375,0.9759712815284728
population_density,3917.8505437500007,0.9765275120735168
population_density,3933.0753515625,0.9770760536193848
population_density,3948.300159375,0.9776170253753662
population_density,3963.5249671875,0.9781503677368164
population_density,3978.7497749999993,0.9786760807037354
population_density,3993.974582812501,0.979194164276123
population_density,4009.199390625,0.9797045588493348
population_density,4024.4241984375,0.9802072644233704
population_density,4039.64900625,0.9807023406028748
population_density,4054.8738140625,0.9811897277832032
population_density,4070.098621875,0.9816694259643556
population_density,4085.3234296875,0.9821415543556212
population_density,4100.5482375,0.9826059341430664
population_density,4115.7730453125,0.983062744140625
population_density,4130.997853125,0.9835119247436525
population_density,4146.2226609375,0.9839534163475036
population_density,4161.447468750001,0.9843873977661132
population_density,4176.6722765625,0.9848137497901917
population_density,4191.897084374999,0.9852325916290284
population_density,4207.1218921875,0.9856438636779784
population_density,4222.3467,0.986047625541687
population_density,4237.5715078125,0.9864439368247986
population_density,4252.796315625,0.9868327975273132
population_density,4268.0211234375,0.9872142672538756
population_density,4283.24593125,0.987588346004486
population_density,4298.470739062501,0.9879550337791444
population_density,4313.695546875,0.98831444978714
population_density,4328.9203546875,0.9886666536331176
population_density,4344.1451625,0.9890115857124328
population_density,4359.369970312499,0.9893494248390198
population_density,4374.594778125001,0.9896801114082336
population_density,4389.8195859375,0.9900037050247192
population_density,4405.04439375,0.9903202652931212
population_density,4420.2692015625,0.9906299114227296
population_density,4435.494009374999,0.9909326434135436
population_density,4450.7188171875005,0.9912285804748536
population_density,4465.943625,0.9915176630020142
population_density,4481.1684328125,0.99180006980896
population_density,4496.393240625,0.9920758008956908
population_density,4511.6180484375,0.9923449158668518
population_density,4526.84285625,0.9926075339317322
population_density,4542.067664062501,0.9928637146949768
population_density,4557.292471875,0.9931135177612304
population_density,4572.5172796875,0.993357002735138
population_density,4587.7420875,0.9935942888259888
population_density,4602.9668953125,0.993825376033783
population_density,4618.1917031250005,0.9940504431724548
population_density,4633.4165109375,0.9942694306373596
population_density,4648.64131875,0.9944825172424316
population_density,4663.8661265625,0.9946898221969604
population_density,4679.090934375,0.994891345500946
population_density,4694.3157421875,0.995087206363678
population_density,4709.54055,0.995277464389801
population_density,4724.7653578125,0.9954622387886048
population_density,4739.990165625,0.995641589164734
population_density,4755.214973437501,0.9958155751228333
population_density,4770.43978125,0.9959843754768372
population_density,4785.6645890625,0.9961480498313904
population_density,4800.889396875,0.9963065981864928
population_density,4816.114204687499,0.996460258960724
population_density,4831.3390125000005,0.9966089725494384
population_density,4846.5638203125,0.9967529773712158
population_density,4861.788628125,0.9968922138214112
population_density,4877.0134359375,0.9970269203186036
population_density,4892.23824375,0.997157096862793
population_density,4907.4630515625,0.997282862663269
population_density,4922.687859375,0.9974043369293212
population_density,4937.9126671875,0.9975215196609496
population_density,4953.137475,0.9976346492767334
population_density,4968.3622828125,0.9977436661720276
population_density,4983.587090625,0.9978488087654114
population_density,4998.8118984375005,0.9979500770568848
population_density,5014.03670625,0.9980475306510924
population_density,5029.261514062499,0.9981414079666138
population_density,5044.486321875,0.9982316493988036
population_density,5059.7111296875,0.9983184337615968
population_density,5074.9359375,0.9984017610549928
population_density,5090.1607453125,0.9984818696975708
population_density,5105.385553125,0.9985587000846864
population_density,5120.6103609375,0.9986324906349182
population_density,5135.835168750001,0.9987031817436218
population_density,5151.0599765625,0.9987708926200868
population_density,5166.284784375,0.9988358020782472
population_density,5181.5095921875,0.998897910118103
population_density,5196.734399999999,0.998957335948944
population_density,5211.9592078125,0.999014139175415
population_density,5227.184015625,0.9990684390068054
population_density,5242.4088234375,0.9991202354431152
population_density,5257.63363125,0.9991697669029236
population_density,5272.858439062499,0.9992169141769408
population_density,5288.083246875,0.9992619156837464
population_density,5303.3080546875,0.9993047714233398
population_density,5318.5328625,0.9993455410003662
population_density,5333.7576703125,0.999384343624115
population_density,5348.982478125,0.999421238899231
population_density,5364.207285937499,0.9994562864303588
population_density,5379.432093750001,0.9994895458221436
population_density,5394.6569015625,0.9995211362838744
population_density,5409.881709374999,0.9995511174201964
population_density,5425.1065171875,0.9995794892311096
population_density,5440.331324999999,0.9996063113212584
population_density,5455.5561328125,0.9996317625045776
population_density,5470.780940625,0.999655783176422
population_density,5486.0057484375,0.9996784925460817
population_density,5501.23055625,0.9996999502182008
population_density,5516.455364062499,0.9997201561927797
population_density,5531.680171875,0.9997392296791076
population_density,5546.9049796875,0.9997571706771852
population_density,5562.1297875,0.9997740983963012
population_density,5577.354595312499,0.9997899532318116
population_density,5592.579403125,0.99980491399765
population_density,5607.8042109375,0.9998189210891724
population_density,5623.02901875,0.9998320937156676
population_density,5638.2538265625,0.9998444318771362
population_density,5653.478634374999,0.9998559951782228
population_density,5668.7034421875,0.999866783618927
population_density,5683.92825,0.9998769164085388
population_density,5699.1530578125,0.9998863339424132
population_density,5714.377865625,0.99989515542984
population_density,5729.6026734375,0.9999033808708192
population_density,5744.827481249999,0.9999110698699952
population_density,5760.0522890625,0.9999181628227234
population_density,5775.277096875,0.9999248385429382
population_density,5790.5019046875,0.99993097782135
population_density,5805.7267125,0.9999366998672484
population_density,5820.951520312499,0.9999420046806335
population_density,5836.1763281250005,0.9999468922615052
population_density,5851.4011359375,0.999951422214508
population_density,5866.62594375,0.9999556541442872
population_density,5881.8507515625,0.9999595284461976
population_density,5897.075559374999,0.999963104724884
population_density,5912.3003671875,0.9999663829803468
population_density,5927.525175,0.9999694228172302
population_density,5942.7499828125,0.9999722242355348
population_density,5957.974790625,0.99997478723526
population_density,5973.1995984375,0.999977171421051
population_density,5988.42440625,0.9999793171882628
population_density,6003.6492140625,0.9999812841415404
population_density,6018.874021875,0.9999830722808838
population_density,6034.098829687499,0.9999847412109376
population_density,6049.3236375,0.9999862313270568
population_density,6064.5484453125,0.9999876022338868
population_density,6079.773253125,0.999988853931427
population_density,6094.9980609375,0.9999899864196776
population_density,6110.222868749999,0.9999910593032836
population_density,6125.4476765625,0.9999919533729552
population_density,6140.672484375,0.999992847442627
population_density,6155.8972921875,0.999993622303009
population_density,6171.1221,0.9999942779541016
population_density,6186.3469078125,0.999994933605194
population_density,6201.571715624999,0.9999954700469972
population_density,6216.796523437501,0.9999960064888
population_density,6232.02133125,0.9999964237213136
population_density,6247.246139062499,0.9999968409538268
population_density,6262.470946875,0.9999971985816956
population_density,6277.695754687499,0.9999975562095642
population_density,6292.9205625,0.9999977946281432
population_density,6308.1453703125,0.9999980926513672
population_density,6323.370178125,0.9999983310699464
population_density,6338.5949859375,0.9999985098838806
population_density,6353.819793749999,0.9999985694885254
population_density,6369.0446015625,0.9999985694885254
population_density,6384.269409375,0.9999985694885254
population_density,6399.4942171875,0.9999985694885254
population_density,6414.719024999999,0.9999985694885254
population_density,6429.9438328125,0.9999985694885254
population_density,6445.168640625,0.9999985694885254
population_density,6460.3934484375,0.9999985694885254
population_density,6475.61825625,0.9999985694885254
population_density,6490.843064062499,0.9999985694885254
population_density,6506.067871875,0.9999985694885254
population_density,6521.2926796875,0.9999985694885254
population_density,6536.5174875,0.9999985694885254
population_density,6551.7422953125,0.9999985694885254
population_density,6566.967103125,0.9999985694885254
population_density,6582.191910937499,0.9999985694885254
population_density,6597.41671875,0.9999985694885254
population_density,6612.6415265625,0.9999985694885254
population_density,6627.866334375,0.9999985694885254
population_density,6643.0911421875,0.9999985694885254
population_density,6658.315949999999,0.9999985694885254
population_density,6673.5407578125005,0.9999985694885254
population_density,6688.765565625,0.9999985694885254
population_density,6703.9903734375,0.9999985694885254
population_density,6719.21518125,0.9999985694885254
population_density,6734.439989062499,0.9999985694885254
population_density,6749.664796875,0.9999985694885254
population_density,6764.8896046875,0.9999985694885254
population_density,6780.1144125,0.9999985694885254
population_density,6795.3392203125,0.9999985694885254
population_density,6810.564028125,0.9999985694885254
population_density,6825.7888359375,0.9999985694885254
population_density,6841.01364375,0.9999985694885254
population_density,6856.2384515625,0.9999985694885254
population_density,6871.463259374999,0.9999985694885254
population_density,6886.6880671875,0.9999985694885254
population_density,6901.912875,0.9999985694885254
population_density,6917.1376828125,0.9999985694885254
population_density,6932.362490625,0.9999985694885254
population_density,6947.5872984375,0.9999985694885254
population_density,6962.81210625,0.9999985694885254
population_density,6978.0369140625,0.9999985694885254
slope,-4.141370010375977,0.5781797766685486
slope,-4.041977130126953,0.5781797766685486
slope,-3.94258424987793,0.5781797766685486
slope,-3.843191369628906,0.5781797766685486
slope,-3.743798489379883,0.5781797766685486
slope,-3.644405609130859,0.5781797766685486
slope,-3.545012728881836,0.5781797766685486
slope,-3.4456198486328127,0.5781797766685486
slope,-3.3462269683837893,0.5781797766685486
slope,-3.246834088134766,0.5781797766685486
slope,-3.147441207885742,0.5781797766685486
slope,-3.0480483276367187,0.5781797766685486
slope,-2.948655447387696,0.5781797766685486
slope,-2.849262567138672,0.5781797766685486
slope,-2.7498696868896486,0.5781797766685486
slope,-2.650476806640625,0.5781797766685486
slope,-2.551083926391602,0.5781797766685486
slope,-2.451691046142578,0.5781797766685486
slope,-2.3522981658935547,0.5781797766685486
slope,-2.2529052856445317,0.5781797766685486
slope,-2.1535124053955075,0.5781797766685486
slope,-2.0541195251464845,0.5781797766685486
slope,-1.9547266448974607,0.5781797766685486
slope,-1.8553337646484376,0.5781797766685486
slope,-1.755940884399414,0.5781797766685486
slope,-1.6565480041503902,0.5781797766685486
slope,-1.5571551239013672,0.5781797766685486
slope,-1.4577622436523434,0.5781797766685486
slope,-1.35836936340332,0.5781797766685486
slope,-1.2589764831542969,0.5781797766685486
slope,-1.1595836029052733,0.5781797766685486
slope,-1.06019072265625,0.5781797766685486
slope,-0.9607978424072264,0.5781797766685486
slope,-0.8614049621582027,0.5781797766685486
slope,-0.7620120819091798,0.5781797766685486
slope,-0.662619201660156,0.5781797766685486
slope,-0.5632263214111326,0.5781797766685486
slope,-0.4638334411621092,0.5781797766685486
slope,-0.3644405609130854,0.5781797766685486
slope,-0.2650476806640625,0.5781797766685486
slope,-0.1656548004150386,0.5781797766685486
slope,-0.0662619201660152,0.5781797766685486
slope,0.0331309600830076,0.5808963775634766
slope,0.1325238403320314,0.5889922976493835
slope,0.2319167205810552,0.5970038771629333
slope,0.3313096008300791,0.6049270629882812
slope,0.4307024810791011,0.6127579212188721
slope,0.530095361328125,0.620492696762085
slope,0.6294882415771488,0.6281278133392334
slope,0.7288811218261726,0.6356599926948547
slope,0.8282740020751964,0.6430859565734863
slope,0.9276668823242183,0.650402843952179
slope,1.0270597625732425,0.657607913017273
slope,1.126452642822266,0.6646984815597534
slope,1.22584552307129,0.6716723442077637
slope,1.3252384033203128,0.6785272359848022
slope,1.4246312835693369,0.6852612495422363
slope,1.5240241638183596,0.6918726563453674
slope,1.6234170440673834,0.6983598470687866
slope,1.7228099243164072,0.7047215700149536
slope,1.8222028045654304,0.7109565138816833
slope,1.921595684814454,0.7170637845993042
slope,2.020988565063477,0.7230426073074341
slope,2.1203814453125007,0.7288922667503357
slope,2.219774325561524,0.7346124053001404
slope,2.3191672058105475,0.7402026653289795
slope,2.4185600860595717,0.7456629872322083
slope,2.517952966308594,0.7509933710098267
slope,2.617345846557617,0.7561939358711243
slope,2.716738726806641,0.7612650990486145
slope,2.816131607055665,0.766207218170166
slope,2.9155244873046886,0.7710208892822266
slope,3.0149173675537115,0.7757068872451782
slope,3.1143102478027345,0.7802658677101135
slope,3.2137031280517583,0.7846988439559937
slope,3.313096008300782,0.789006769657135
slope,3.412488888549806,0.7931907773017883
slope,3.511881768798829,0.7972519397735596
slope,3.611274649047852,0.8011916279792786
slope,3.710667529296876,0.8050110340118408
slope,3.8100604095458994,0.808711588382721
slope,3.9094532897949215,0.8122947216033936
slope,4.008846170043946,0.8157618641853333
slope,4.10823905029297,0.8191144466400146
slope,4.207631930541992,0.8223541378974915
slope,4.307024810791018,0.8254824280738831
slope,4.40641769104004,0.8285008668899536
slope,4.505810571289064,0.8314111232757568
slope,4.605203451538087,0.8342146873474121
slope,4.704596331787109,0.8369132280349731
slope,4.803989212036135,0.8395083546638489
slope,4.903382092285157,0.8420016169548035
slope,5.002774972534179,0.8443946242332458
slope,5.102167852783205,0.8466889262199402
slope,5.201560733032227,0.8488860130310059
slope,5.300953613281252,0.8509874939918518
slope,5.400346493530274,0.8529947400093079
slope,5.499739373779296,0.8549093008041382
slope,5.599132254028322,0.8567324876785278
slope,5.698525134277344,0.8584657907485962
slope,5.79791801452637,0.8601104617118835
slope,5.897310894775392,0.861667811870575
slope,5.996703775024414,0.8631390929222107
slope,6.096096655273439,0.864525556564331
slope,6.195489535522461,0.8658282160758972
slope,6.294882415771487,0.8670482039451599
slope,6.394275296020509,0.8681865930557251
slope,6.493668176269531,0.8692442774772644
slope,6.593061056518557,0.870222270488739
slope,6.692453936767579,0.8711214065551758
slope,6.791846817016602,0.871942400932312
slope,6.891239697265626,0.8726860284805298
slope,6.99063257751465,0.8733530044555664
slope,7.090025457763674,0.8739438056945801
slope,7.189418338012696,0.8744591474533081
slope,7.28881121826172,0.8748993277549744
slope,7.388204098510744,0.8752648234367371
slope,7.487596978759767,0.8755559921264648
slope,7.586989859008791,0.8757730722427368
slope,7.686382739257813,0.8759163022041321
slope,7.785775619506837,0.8759857416152954
slope,7.885168499755861,0.8759815692901611
slope,7.984561380004885,0.8759036660194397
slope,8.083954260253908,0.8757519721984863
slope,8.183347140502931,0.8755264282226562
slope,8.282740020751955,0.8752267360687256
slope,8.382132901000979,0.8748526573181152
slope,8.481525781250003,0.8744038939476013
slope,8.580918661499023,0.8738799691200256
slope,8.680311541748047,0.8732804656028748
slope,8.77970442199707,0.8726047277450562
slope,8.879097302246095,0.8718522787094116
slope,8.978490182495118,0.8710223436355591
slope,9.077883062744142,0.870114266872406
slope,9.177275942993166,0.8691271543502808
slope,9.27666882324219,0.8680602312088013
slope,9.37606170349121,0.8669126033782959
slope,9.475454583740238,0.8656831383705139
slope,9.574847463989258,0.8643709421157837
slope,9.674240344238282,0.8629748821258545
slope,9.773633224487304,0.8614937663078308
slope,9.87302610473633,0.8599264621734619
slope,9.972418984985351,0.8582717180252075
slope,10.071811865234377,0.8565281629562378
slope,10.1712047454834,0.8546945452690125
slope,10.270597625732425,0.8527694940567017
slope,10.369990505981445,0.850751519203186
slope,10.469383386230472,0.848639190196991
slope,10.568776266479492,0.8464310169219971
slope,10.668169146728516,0.8441254496574402
slope,10.76756202697754,0.8417210578918457
slope,10.866954907226564,0.8392162322998047
slope,10.966347787475588,0.8366093039512634
slope,11.065740667724612,0.8338987827301025
slope,11.165133547973635,0.8310830593109131
slope,11.26452642822266,0.8281605243682861
slope,11.36391930847168,0.8251295685768127
slope,11.463312188720709,0.8219886422157288
slope,11.562705068969729,0.8187360763549805
slope,11.66209794921875,0.8153703808784485
slope,11.761490829467776,0.8118900656700134
slope,11.8608837097168,0.8082935810089111
slope,11.960276589965822,0.804579496383667
slope,12.059669470214846,0.8007463216781616
slope,12.15906235046387,0.7967928051948547
slope,12.258455230712894,0.7927176356315613
slope,12.357848110961918,0.7885195016860962
slope,12.45724099121094,0.7841972708702087
slope,12.556633871459962,0.7797499299049377
slope,12.656026751708986,0.7751764059066772
slope,12.755419631958013,0.7704758644104004
slope,12.854812512207031,0.7656474709510803
slope,12.954205392456055,0.7606905698776245
slope,13.05359827270508,0.75560462474823
slope,13.152991152954105,0.7503891587257385
slope,13.252384033203128,0.745043933391571
slope,13.351776913452152,0.7395687699317932
slope,13.451169793701176,0.7339635491371155
slope,13.550562673950196,0.7282285690307617
slope,13.64995555419922,0.722364068031311
slope,13.749348434448248,0.7163705229759216
slope,13.848741314697268,0.710248589515686
slope,13.948134194946292,0.7039990425109863
slope,14.047527075195315,0.6976228952407837
slope,14.146919955444336,0.6911213397979736
slope,14.246312835693365,0.6844958066940308
slope,14.345705715942389,0.6777478456497192
slope,14.44509859619141,0.6708792448043823
slope,14.544491476440433,0.6638919115066528
slope,14.643884356689457,0.6567880511283875
slope,14.743277236938482,0.649570107460022
slope,14.842670117187502,0.642240583896637
slope,14.942062997436526,0.6348022222518921
slope,15.04145587768555,0.6272581219673157
slope,15.14084875793457,0.6196114420890808
slope,15.240241638183598,0.6118654608726501
slope,15.33963451843262,0.604023814201355
slope,15.439027398681642,0.5960903167724609
slope,15.538420278930666,0.5880688428878784
slope,15.63781315917969,0.5799635648727417
slope,15.737206039428717,0.5717787146568298
slope,15.836598919677735,0.5635188221931458
slope,15.93599179992676,0.5551884174346924
slope,16.035384680175785,0.5467923879623413
slope,16.134777560424805,0.5383356809616089
slope,16.234170440673832,0.5298231244087219
slope,16.333563320922856,0.521260142326355
slope,16.432956201171876,0.5126516819000244
slope,16.5323490814209,0.5040035247802734
slope,16.631741961669924,0.4953207373619079
slope,16.73113484191895,0.4866092205047607
slope,16.83052772216797,0.4778742492198944
slope,16.929920602416995,0.4691217839717865
slope,17.02931348266602,0.4603571891784668
slope,17.12870636291504,0.4515865445137024
slope,17.228099243164067,0.442815214395523
slope,17.32749212341309,0.4340492784976959
slope,17.42688500366211,0.4252941310405731
slope,17.526277883911135,0.4165557622909546
slope,17.62567076416016,0.4078395664691925
slope,17.725063644409182,0.3991513848304748
slope,17.824456524658206,0.3904964923858642
slope,17.92384940490723,0.3818806707859039
slope,18.02324228515625,0.3733089566230774
slope,18.12263516540528,0.3647869229316711
slope,18.2220280456543,0.3563194572925567
slope,18.321420925903325,0.347911924123764
slope,18.420813806152346,0.3395689129829407
slope,18.52020668640137,0.3312954902648926
slope,18.6195995666504,0.3230960071086883
slope,18.718992446899417,0.31497523188591
slope,18.81838532714844,0.3069371581077575
slope,18.917778207397465,0.2989862561225891
slope,19.017171087646485,0.2911261320114136
slope,19.116563967895512,0.2833609282970428
slope,19.215956848144536,0.2756938934326172
slope,19.31534972839356,0.2681287229061126
slope,19.41474260864258,0.2606683373451233
slope,19.514135488891604,0.2533160448074341
slope,19.61352836914063,0.2460743337869644
slope,19.71292124938965,0.2389460951089859
slope,19.81231412963868,0.2319334745407104
slope,19.9117070098877,0.2250389158725738
slope,20.01109989013672,0.2182641476392746
slope,20.110492770385747,0.2116112411022186
slope,20.20988565063477,0.205081507563591
slope,20.30927853088379,0.1986766159534454
slope,20.40867141113281,0.1923975050449371
slope,20.50806429138184,0.1862454116344452
slope,20.607457171630863,0.1802209466695785
slope,20.706850051879886,0.174324944615364
slope,20.80624293212891,0.1685577481985092
slope,20.90563581237793,0.1629195362329483
slope,21.005028692626954,0.1574106067419052
slope,21.10442157287598,0.1520307213068008
slope,21.203814453125005,0.1467798352241516
slope,21.303207333374026,0.1416573822498321
slope,21.40260021362305,0.1366630345582962
slope,21.501993093872077,0.1317959576845169
slope,21.601385974121097,0.1270554959774017
slope,21.70077885437012,0.1224405765533447
slope,21.800171734619145,0.1179503053426742
slope,21.89956461486817,0.1135833486914634
slope,21.99895749511719,0.1093385964632034
slope,22.098350375366216,0.1052145063877105
slope,22.19774325561524,0.1012097671627998
slope,22.29713613586426,0.0973226577043533
slope,22.396529016113284,0.093551680445671
slope,22.495921896362308,0.0898949652910232
slope,22.59531477661133,0.0863508582115173
slope,22.69470765686036,0.0829173699021339
slope,22.79410053710938,0.0795927122235298
slope,22.8934934173584,0.0763747990131378
slope,22.992886297607424,0.0732617303729057
slope,23.09227917785645,0.0702513381838798
slope,23.191672058105475,0.067341648042202
slope,23.29106493835449,0.0645304396748542
slope,23.39045781860352,0.0618156641721725
slope,23.489850698852543,0.0591950640082359
slope,23.589243579101566,0.0566665567457675
slope,23.68863645935059,0.0542278625071048
slope,23.78802933959961,0.0518768765032291
slope,23.887422219848634,0.0496113114058971
slope,23.986815100097655,0.0474290624260902
slope,24.08620798034669,0.045327853411436
slope,24.185600860595702,0.0433055832982063
slope,24.28499374084473,0.041360005736351
slope,24.384386621093757,0.0394890420138835
slope,24.483779501342777,0.037690483033657
slope,24.5831723815918,0.0359622798860073
slope,24.682565261840825,0.0343022719025611
slope,24.78195814208985,0.0327084586024284
slope,24.88135102233887,0.0311787351965904
slope,24.980743902587896,0.0297111477702856
slope,25.08013678283692,0.0283036567270755
slope,25.17952966308594,0.0269543714821338
slope,25.278922543334964,0.0256613213568925
slope,25.378315423583988,0.0244226772338151
slope,25.47770830383301,0.02323654666543
slope,25.57710118408204,0.022101167589426
slope,25.67649406433106,0.0210147276520729
slope,25.775886944580083,0.0199755392968654
slope,25.875279824829104,0.0189818684011697
slope,25.97467270507813,0.0180321019142866
slope,26.074065585327155,0.017124593257904
slope,26.17345846557617,0.0162578038871288
slope,26.2728513458252,0.0154301710426807
slope,26.372244226074223,0.0146402334794402
slope,26.471637106323247,0.0138865113258361
slope,26.57102998657227,0.0131676224991679
slope,26.67042286682129,0.012482170946896
slope,26.769815747070314,0.0118288528174161
slope,26.86920862731934,0.0112063502892851
slope,26.96860150756837,0.0106134377419948
slope,27.06799438781739,0.0100488793104887
slope,27.16738726806641,0.0095115229487419
slope,27.266780148315437,0.0090002100914716
slope,27.366173028564457,0.008513861335814
slope,27.46556590881348,0.0080513963475823
slope,27.564958789062505,0.0076118051074445
slope,27.66435166931153,0.0071940794587135
slope,27.76374454956055,0.0067972782999277
slope,27.863137429809573,0.0064204642549157
slope,27.9625303100586,0.0060627614147961
slope,28.06192319030762,0.0057232989929616
slope,28.161316070556648,0.0054012648761272
slope,28.260708950805668,0.0050958516076207
slope,28.36010183105469,0.0048063066788017
slope,28.45949471130372,0.0045318841002881
slope,28.558887591552736,0.0042718877084553
slope,28.658280471801763,0.0040256292559206
slope,28.757673352050784,0.0037924663629382
slope,28.85706623229981,0.0035717650316655
slope,28.95645911254883,0.0033629341050982
slope,29.05585199279786,0.0031653901096433
slope,29.15524487304689,0.0029785898514091
slope,29.2546377532959,0.0028019978199154
slope,29.354030633544927,0.0026351157575845
slope,29.453423513793947,0.0024774533230811
slope,29.55281639404297,0.0023285539355129
slope,29.652209274292,0.0021879714913666
slope,29.751602154541025,0.0020552808418869
slope,29.85099503479004,0.0019300831481814
slope,29.950387915039062,0.0018119873711839
slope,30.04978079528809,0.001700629829429
slope,30.14917367553712,0.0015956545248627
slope,30.248566555786137,0.0014967303723096
slope,30.347959436035165,0.0014035339700058
slope,30.447352316284185,0.0013157640350982
slope,30.546745196533205,0.0012331270845606
slope,30.646138076782236,0.0011553498916327
slope,30.745530957031253,0.0010821665637195
slope,30.84492383728028,0.0010133294854313
slope,30.9443167175293,0.0009485979680903256
slope,31.043709597778328,0.000887748203240335
slope,31.143102478027348,0.0008305628434754908
slope,31.24249535827637,0.0007768396171741188
slope,31.3418882385254,0.0007263825391419232
slope,31.441281118774416,0.0006790092447772622
slope,31.540673999023443,0.0006345432484522462
slope,31.64006687927247,0.0005928203463554382
slope,31.73945975952149,0.0005536818061955273
slope,31.83885263977051,0.0005169801297597587
slope,31.93824552001953,0.0004825727082788944
slope,32.037638400268555,0.0004503265954554081
slope,32.13703128051758,0.00042011577170342207
slope,32.2364241607666,0.0003918197762686759
slope,32.33581704101563,0.0003653252788353712
slope,32.435209921264644,0.0003405241877771914
slope,32.53460280151367,0.0003173170844092965
slope,32.6339956817627,0.00029560719849541783
slope,32.73338856201172,0.00027530407533049583
slope,32.832781442260746,0.00025632159668020904
slope,32.932174322509766,0.00023858057102188468
slope,33.031567202758794,0.00022200416424311695
slope,33.130960083007814,0.00020652056264225396
slope,33.230352963256834,0.00019206157594453543
slope,33.32974584350586,0.00017856447084341198
slope,33.42913872375488,0.00016596855130046606
slope,33.52853160400391,0.0001542171958135441
slope,33.62792448425294,0.0001432566496077925
slope,33.72731736450195,0.00013303755258675665
slope,33.82671024475098,0.0001235122326761484
slope,33.926103125,0.00011463624105090275
slope,34.025496005249025,0.00010636749357217924
slope,34.12488888549805,9.866734762908892e-05
slope,34.22428176574707,9.14985575946048e-05
slope,34.3236746459961,8.48264608066529e-05
slope,34.42306752624511,7.861827180022374e-05
slope,34.52246040649414,7.284389721462503e-05
slope,34.62185328674317,6.747442967025563e-05
slope,34.72124616699219,6.248295539990067e-05
slope,34.820639047241215,5.784408131148666e-05
slope,34.92003192749024,5.35345207026694e-05
slope,35.019424807739256,4.953192910761573e-05
slope,35.11881768798828,4.581555185723119e-05
slope,35.2182105682373,4.236582026351243e-05
slope,35.31760344848633,3.916480636689812e-05
slope,35.41699632873535,3.619534254539758e-05
slope,35.51638920898438,3.344149808981456e-05
slope,35.615782089233406,3.0888288165442646e-05
slope,35.71517496948242,2.8521975764306266e-05
slope,35.814567849731446,2.632944779179525e-05
slope,35.91396072998047,2.429854430374689e-05
slope,36.013353610229494,2.2417842046706937e-05
slope,36.11274649047852,2.0676881831604987e-05
slope,36.21213937072754,1.9065695596509613e-05
slope,36.31153225097657,1.7575053789187223e-05
slope,36.41092513122558,1.619629438209813e-05
slope,36.51031801147461,1.4921498404874e-05
slope,36.60971089172364,1.3743127055931836e-05
slope,36.70910377197266,1.2654211786866654e-05
slope,36.808496652221685,1.164822060673032e-05
slope,36.90788953247071,1.0719188139773904e-05
slope,37.007282412719725,9.861444596026558e-06
slope,37.10667529296875,9.069755833479576e-06
slope,37.20606817321777,8.33922422316391e-06
slope,37.3054610534668,7.66537596064154e-06
slope,37.40485393371582,7.043973255349556e-06
slope,37.50424681396485,6.471103006333578e-06
slope,37.60363969421388,5.943111773376586e-06
slope,37.70303257446289,5.456664894154528e-06
slope,37.80242545471192,5.008608695789008e-06
slope,37.901818334960936,4.596034614223754e-06
slope,38.00121121520996,4.216230991005432e-06
slope,38.10060409545899,3.866725819534622e-06
slope,38.19999697570801,3.5451837447908474e-06
slope,38.29938985595703,3.249454948672792e-06
slope,38.39878273620605,2.977537405968178e-06
slope,38.49817561645508,2.7276068976789247e-06
slope,38.597568496704106,2.49794402407133e-06
slope,38.696961376953126,2.2869678559800377e-06
slope,38.79635425720216,2.093214789056219e-06
slope,38.89574713745117,1.915325128720724e-06
slope,38.995140017700194,1.7520601431897376e-06
slope,39.09453289794922,1.602256247679179e-06
slope,39.19392577819824,1.4648437627329258e-06
slope,39.29331865844727,1.338830315944506e-06
slope,39.39271153869629,1.2233132338224095e-06
slope,39.49210441894532,1.1174452083650976e-06
slope,39.59149729919434,1.0204486216025543e-06
slope,39.69089017944336,9.316032105743944e-07
slope,39.79028305969239,8.502540254085034e-07
slope,39.889675939941405,7.757876119285356e-07
slope,39.98906882019043,7.076416181917011e-07
slope,40.08846170043946,6.45295699541748e-07
slope,40.18785458068848,5.882773166376865e-07
slope,40.2872474609375,5.361445118978736e-07
slope,40.38664034118653,4.884926170234394e-07
slope,40.48603322143555,4.44947687583408e-07
slope,40.585426101684575,4.051705673191464e-07
slope,40.6848189819336,3.688444394356338e-07
slope,40.78421186218262,3.356796298703557e-07
slope,40.88360474243164,3.054088040244096e-07
slope,40.98299762268066,2.7778966682490136e-07
slope,41.08239050292969,2.525963225252781e-07
slope,41.18178338317871,2.296224579367845e-07
slope,41.28117626342774,2.0867791761247645e-07
slope,41.380569143676766,1.8959052283662459e-07
slope,41.479962023925786,1.8361262732469186e-07
slope,41.57935490417481,1.8361262732469186e-07
slope,41.67874778442383,1.8361262732469186e-07
slope,41.77814066467285,1.8361262732469186e-07
slope,41.87753354492188,1.8361262732469186e-07
slope,41.9769264251709,1.8361262732469186e-07
slope,42.07631930541993,1.8361262732469186e-07
slope,42.17571218566894,1.8361262732469186e-07
slope,42.27510506591797,1.8361262732469186e-07
slope,42.374497946167,1.8361262732469186e-07
slope,42.47389082641602,1.8361262732469186e-07
slope,42.573283706665045,1.8361262732469186e-07
slope,42.67267658691407,1.8361262732469186e-07
slope,42.77206946716309,1.8361262732469186e-07
slope,42.87146234741211,1.8361262732469186e-07
slope,42.97085522766113,1.8361262732469186e-07
slope,43.07024810791016,1.8361262732469186e-07
slope,43.16964098815918,1.8361262732469186e-07
slope,43.26903386840821,1.8361262732469186e-07
slope,43.36842674865724,1.8361262732469186e-07
slope,43.46781962890625,1.8361262732469186e-07
slope,43.56721250915528,1.8361262732469186e-07
slope,43.666605389404296,1.8361262732469186e-07
slope,43.76599826965332,1.8361262732469186e-07
slope,43.86539114990235,1.8361262732469186e-07
slope,43.96478403015137,1.8361262732469186e-07
slope,44.0641769104004,1.8361262732469186e-07
slope,44.16356979064941,1.8361262732469186e-07
slope,44.26296267089844,1.8361262732469186e-07
slope,44.362355551147466,1.8361262732469186e-07
slope,44.46174843139649,1.8361262732469186e-07
slope,44.56114131164552,1.8361262732469186e-07
slope,44.66053419189453,1.8361262732469186e-07
slope,44.759927072143554,1.8361262732469186e-07
slope,44.85931995239258,1.8361262732469186e-07
slope,44.9587128326416,1.8361262732469186e-07
slope,45.05810571289063,1.8361262732469186e-07
slope,45.15749859313965,1.8361262732469186e-07
slope,45.25689147338868,1.8361262732469186e-07
slope,45.3562843536377,1.8361262732469186e-07
slope,45.45567723388672,1.8361262732469186e-07
slope,45.55507011413575,1.8361262732469186e-07
stormwater_density,-1.5008299827575713,0.8480271697044373
stormwater_density,-1.4648100631713896,0.8480271697044373
stormwater_density,-1.428790143585208,0.8480271697044373
stormwater_density,-1.3927702239990265,0.8480271697044373
stormwater_density,-1.3567503044128446,0.8480271697044373
stormwater_density,-1.320730384826663,0.8480271697044373
stormwater_density,-1.2847104652404815,0.8480271697044373
stormwater_density,-1.2486905456542998,0.8480271697044373
stormwater_density,-1.2126706260681182,0.8480271697044373
stormwater_density,-1.1766507064819365,0.8480271697044373
stormwater_density,-1.1406307868957548,0.8480271697044373
stormwater_density,-1.1046108673095731,0.8480271697044373
stormwater_density,-1.0685909477233917,0.8480271697044373
stormwater_density,-1.0325710281372098,0.8480271697044373
stormwater_density,-0.9965511085510282,0.8480271697044373
stormwater_density,-0.9605311889648466,0.8480271697044373
stormwater_density,-0.9245112693786648,0.8480271697044373
stormwater_density,-0.8884913497924832,0.8480271697044373
stormwater_density,-0.8524714302063017,0.8480271697044373
stormwater_density,-0.8164515106201199,0.8480271697044373
stormwater_density,-0.7804315910339382,0.8480271697044373
stormwater_density,-0.7444116714477567,0.8480271697044373
stormwater_density,-0.708391751861575,0.8480271697044373
stormwater_density,-0.6723718322753933,0.8480271697044373
stormwater_density,-0.6363519126892118,0.8480271697044373
stormwater_density,-0.6003319931030301,0.8480271697044373
stormwater_density,-0.5643120735168483,0.8480271697044373
stormwater_density,-0.5282921539306666,0.8480271697044373
stormwater_density,-0.4922722343444852,0.8480271697044373
stormwater_density,-0.4562523147583035,0.8480271697044373
stormwater_density,-0.4202323951721218,0.8480271697044373
stormwater_density,-0.3842124755859402,0.8480271697044373
stormwater_density,-0.3481925559997585,0.8480271697044373
stormwater_density,-0.3121726364135768,0.8480271697044373
stormwater_density,-0.2761527168273952,0.8480271697044373
stormwater_density,-0.2401327972412135,0.8480271697044373
stormwater_density,-0.204112877655032,0.8480271697044373
stormwater_density,-0.1680929580688501,0.8480271697044373
stormwater_density,-0.1320730384826685,0.8480271697044373
stormwater_density,-0.0960531188964868,0.8480271697044373
stormwater_density,-0.0600331993103051,0.8480271697044373
stormwater_density,-0.0240132797241234,0.8480271697044373
stormwater_density,0.0120066398620579,0.8478553891181946
stormwater_density,0.0480265594482396,0.8473394513130188
stormwater_density,0.0840464790344213,0.8468227386474609
stormwater_density,0.1200663986206029,0.8463051915168762
stormwater_density,0.1560863182067846,0.8457868099212646
stormwater_density,0.1921062377929663,0.8452675938606262
stormwater_density,0.2281261573791477,0.8447476029396057
stormwater_density,0.2641460769653294,0.8442268371582031
stormwater_density,0.3001659965515111,0.8437052369117737
stormwater_density,0.3361859161376928,0.8431828022003174
stormwater_density,0.3722058357238746,0.842659592628479
stormwater_density,0.4082257553100563,0.8421356081962585
stormwater_density,0.444245674896238,0.8416107892990112
stormwater_density,0.4802655944824194,0.8410851955413818
stormwater_density,0.5162855140686009,0.8405587673187256
stormwater_density,0.5523054336547828,0.8400315642356873
stormwater_density,0.5883253532409642,0.8395035862922668
stormwater_density,0.6243452728271461,0.8389748334884644
stormwater_density,0.6603651924133276,0.838445246219635
stormwater_density,0.6963851119995095,0.8379149436950684
stormwater_density,0.7324050315856909,0.8373838067054749
stormwater_density,0.7684249511718728,0.8368518948554993
stormwater_density,0.8044448707580543,0.8363192081451416
stormwater_density,0.8404647903442357,0.8357857465744019
stormwater_density,0.8764847099304176,0.83525151014328
stormwater_density,0.912504629516599,0.8347164988517761
stormwater_density,0.948524549102781,0.8341807126998901
stormwater_density,0.9845444686889624,0.8336441516876221
stormwater_density,1.0205643882751445,0.8331068754196167
stormwater_density,1.0565843078613255,0.8325687646865845
stormwater_density,1.0926042274475072,0.8320299386978149
stormwater_density,1.128624147033689,0.8314903378486633
stormwater_density,1.164644066619871,0.8309499621391296
stormwater_density,1.2006639862060529,0.8304088115692139
stormwater_density,1.2366839057922343,0.8298669457435608
stormwater_density,1.2727038253784158,0.8293243050575256
stormwater_density,1.3087237449645976,0.8287809491157532
stormwater_density,1.344743664550779,0.8282368183135986
stormwater_density,1.380763584136961,0.8276919722557068
stormwater_density,1.4167835037231424,0.8271463513374329
stormwater_density,1.4528034233093243,0.8265999555587769
stormwater_density,1.4888233428955058,0.8260529041290283
stormwater_density,1.5248432624816872,0.8255050182342529
stormwater_density,1.5608631820678691,0.824956476688385
stormwater_density,1.5968831016540506,0.824407160282135
stormwater_density,1.6329030212402325,0.8238571286201477
stormwater_density,1.668922940826414,0.8233063817024231
stormwater_density,1.7049428604125958,0.8227548599243164
stormwater_density,1.7409627799987772,0.8222026228904724
stormwater_density,1.7769826995849587,0.8216497302055359
stormwater_density,1.8130026191711408,0.8210960626602173
stormwater_density,1.849022538757322,0.8205416798591614
stormwater_density,1.885042458343504,0.8199865818023682
stormwater_density,1.9210623779296851,0.8194307684898376
stormwater_density,1.9570822975158668,0.8188742399215698
stormwater_density,1.9931022171020487,0.8183169960975647
stormwater_density,2.02912213668823,0.8177590370178223
stormwater_density,2.065142056274412,0.8172004222869873
stormwater_density,2.101161975860593,0.8166410326957703
stormwater_density,2.1371818954467754,0.8160809874534607
stormwater_density,2.173201815032957,0.8155202269554138
stormwater_density,2.2092217346191387,0.8149588108062744
stormwater_density,2.2452416542053206,0.8143966197967529
stormwater_density,2.281261573791502,0.8138337731361389
stormwater_density,2.317281493377684,0.8132702708244324
stormwater_density,2.3533014129638654,0.8127060532569885
stormwater_density,2.3893213325500477,0.8121411800384521
stormwater_density,2.4253412521362288,0.8115755915641785
stormwater_density,2.46136117172241,0.8110092878341675
stormwater_density,2.497381091308592,0.8104423880577087
stormwater_density,2.533401010894773,0.8098747134208679
stormwater_density,2.569420930480955,0.8093064427375793
stormwater_density,2.605440850067137,0.8087374567985535
stormwater_density,2.641460769653318,0.8081678152084351
stormwater_density,2.6774806892395,0.8075975179672241
stormwater_density,2.7135006088256826,0.8070265650749207
stormwater_density,2.749520528411864,0.8064548969268799
stormwater_density,2.785540447998045,0.8058826327323914
stormwater_density,2.8215603675842265,0.8053096532821655
stormwater_density,2.857580287170409,0.8047360777854919
stormwater_density,2.8936002067565902,0.804161787033081
stormwater_density,2.929620126342772,0.8035869002342224
stormwater_density,2.965640045928953,0.8030112981796265
stormwater_density,3.001659965515135,0.8024351000785828
stormwater_density,3.037679885101317,0.8018582463264465
stormwater_density,3.073699804687499,0.8012807369232178
stormwater_density,3.10971972427368,0.8007025718688965
stormwater_density,3.1457396438598617,0.8001238107681274
stormwater_density,3.1817595634460427,0.7995443940162659
stormwater_density,3.217779483032225,0.7989643216133118
stormwater_density,3.2537994026184065,0.7983836531639099
stormwater_density,3.2898193222045884,0.7978023290634155
stormwater_density,3.3258392417907694,0.7972204089164734
stormwater_density,3.3618591613769517,0.7966378331184387
stormwater_density,3.397879080963133,0.7960546612739563
stormwater_density,3.433899000549315,0.7954708337783813
stormwater_density,3.469918920135496,0.7948864698410034
stormwater_density,3.505938839721678,0.7943013906478882
stormwater_density,3.54195875930786,0.79371577501297
stormwater_density,3.5779786788940418,0.7931295037269592
stormwater_density,3.613998598480223,0.7925426363945007
stormwater_density,3.6500185180664046,0.7919551730155945
stormwater_density,3.6860384376525857,0.7913671135902405
stormwater_density,3.722058357238768,0.7907784581184387
stormwater_density,3.758078276824949,0.7901891469955444
stormwater_density,3.7940981964111313,0.7895992994308472
stormwater_density,3.830118115997313,0.7890088558197021
stormwater_density,3.8661380355834942,0.7884178161621094
stormwater_density,3.902157955169677,0.7878261208534241
stormwater_density,3.938177874755858,0.7872339487075806
stormwater_density,3.97419779434204,0.7866411209106445
stormwater_density,4.0102177139282205,0.7860476970672607
stormwater_density,4.046237633514403,0.785453736782074
stormwater_density,4.082257553100584,0.7848591804504395
stormwater_density,4.118277472686767,0.784264087677002
stormwater_density,4.154297392272948,0.7836683988571167
stormwater_density,4.190317311859129,0.7830721139907837
stormwater_density,4.226337231445312,0.7824752926826477
stormwater_density,4.262357151031493,0.7818779349327087
stormwater_density,4.298377070617674,0.781279981136322
stormwater_density,4.334396990203857,0.7806814312934875
stormwater_density,4.370416909790038,0.7800823450088501
stormwater_density,4.40643682937622,0.7794827222824097
stormwater_density,4.442456748962401,0.7788825631141663
stormwater_density,4.478476668548582,0.7782818078994751
stormwater_density,4.514496588134763,0.7776805758476257
stormwater_density,4.550516507720946,0.7770787477493286
stormwater_density,4.586536427307127,0.7764763832092285
stormwater_density,4.62255634689331,0.7758734822273254
stormwater_density,4.658576266479491,0.7752699851989746
stormwater_density,4.694596186065672,0.7746660113334656
stormwater_density,4.730616105651853,0.7740615010261536
stormwater_density,4.766636025238036,0.7734564542770386
stormwater_density,4.802655944824217,0.7728509306907654
stormwater_density,4.8386758644104,0.7722448110580444
stormwater_density,4.8746957839965805,0.7716382145881653
stormwater_density,4.910715703582763,0.7710310816764832
stormwater_density,4.946735623168944,0.770423412322998
stormwater_density,4.982755542755125,0.76981520652771
stormwater_density,5.018775462341308,0.7692065238952637
stormwater_density,5.054795381927489,0.7685973644256592
stormwater_density,5.090815301513672,0.7679876089096069
stormwater_density,5.126835221099853,0.7673774361610413
stormwater_density,5.162855140686034,0.7667667269706726
stormwater_density,5.198875060272215,0.766155481338501
stormwater_density,5.234894979858398,0.7655437588691711
stormwater_density,5.270914899444579,0.7649315595626831
stormwater_density,5.3069348190307615,0.7643188238143921
stormwater_density,5.342954738616943,0.7637056708335876
stormwater_density,5.378974658203124,0.7630919814109802
stormwater_density,5.4149945777893045,0.7624778151512146
stormwater_density,5.451014497375487,0.761863112449646
stormwater_density,5.487034416961668,0.761247992515564
stormwater_density,5.523054336547851,0.7606323957443237
stormwater_density,5.559074256134032,0.7600162625312805
stormwater_density,5.595094175720215,0.7593997120857239
stormwater_density,5.631114095306396,0.758782684803009
stormwater_density,5.667134014892577,0.758165180683136
stormwater_density,5.703153934478758,0.7575471997261047
stormwater_density,5.739173854064941,0.7569288015365601
stormwater_density,5.775193773651122,0.7563098669052124
stormwater_density,5.811213693237304,0.7556905150413513
stormwater_density,5.847233612823485,0.755070686340332
stormwater_density,5.883253532409666,0.7544504404067993
stormwater_density,5.919273451995849,0.7538297176361084
stormwater_density,5.95529337158203,0.753208577632904
stormwater_density,5.991313291168213,0.7525869607925415
stormwater_density,6.027333210754394,0.7519648671150208
stormwater_density,6.063353130340575,0.7513424158096313
stormwater_density,6.099373049926758,0.7507194876670837
stormwater_density,6.135392969512939,0.7500960826873779
stormwater_density,6.17141288909912,0.7494722604751587
stormwater_density,6.207432808685303,0.748848021030426
stormwater_density,6.243452728271484,0.7482233643531799
stormwater_density,6.279472647857666,0.7475982904434204
stormwater_density,6.315492567443847,0.7469727396965027
stormwater_density,6.351512487030028,0.7463468313217163
stormwater_density,6.387532406616209,0.7457204461097717
stormwater_density,6.423552326202392,0.7450937032699585
stormwater_density,6.459572245788573,0.7444664835929871
stormwater_density,6.495592165374756,0.743838906288147
stormwater_density,6.531612084960937,0.7432109117507935
stormwater_density,6.567632004547118,0.7425824403762817
stormwater_density,6.603651924133301,0.7419536709785461
stormwater_density,6.639671843719482,0.7413244247436523
stormwater_density,6.6756917633056645,0.7406948208808899
stormwater_density,6.7117116828918455,0.740064799785614
stormwater_density,6.747731602478028,0.7394343614578247
stormwater_density,6.783751522064208,0.7388035655021667
stormwater_density,6.81977144165039,0.7381724119186401
stormwater_density,6.855791361236571,0.7375408411026001
stormwater_density,6.891811280822754,0.7369088530540466
stormwater_density,6.927831200408937,0.7362765073776245
stormwater_density,6.963851119995116,0.7356438040733337
stormwater_density,6.999871039581299,0.7350106835365295
stormwater_density,7.03589095916748,0.7343772053718567
stormwater_density,7.071910878753663,0.7337433695793152
stormwater_density,7.107930798339844,0.733109176158905
stormwater_density,7.143950717926025,0.7324745655059814
stormwater_density,7.179970637512207,0.731839656829834
stormwater_density,7.21599055709839,0.7312043309211731
stormwater_density,7.252010476684569,0.7305687069892883
stormwater_density,7.288030396270752,0.7299326658248901
stormwater_density,7.324050315856933,0.7292963266372681
stormwater_density,7.360070235443116,0.7286595702171326
stormwater_density,7.396090155029297,0.7280225157737732
stormwater_density,7.432110074615478,0.7273851037025452
stormwater_density,7.468129994201661,0.7267473340034485
stormwater_density,7.504149913787842,0.7261092066764832
stormwater_density,7.540169833374023,0.725470781326294
stormwater_density,7.576189752960206,0.7248319983482361
stormwater_density,7.612209672546387,0.7241929173469543
stormwater_density,7.648229592132569,0.7235534191131592
stormwater_density,7.684249511718749,0.7229136824607849
stormwater_density,7.720269431304931,0.722273588180542
stormwater_density,7.756289350891114,0.7216331362724304
stormwater_density,7.792309270477295,0.720992386341095
stormwater_density,7.828329190063476,0.7203513383865356
stormwater_density,7.864349109649657,0.7197099924087524
stormwater_density,7.90036902923584,0.7190682888031006
stormwater_density,7.936388948822023,0.7184262871742249
stormwater_density,7.972408868408202,0.7177839279174805
stormwater_density,8.008428787994385,0.717141330242157
stormwater_density,8.044448707580566,0.7164984345436096
stormwater_density,8.080468627166749,0.7158551812171936
stormwater_density,8.116488546752931,0.7152116298675537
stormwater_density,8.15250846633911,0.7145678400993347
stormwater_density,8.188528385925293,0.7139237523078918
stormwater_density,8.224548305511474,0.7132793068885803
stormwater_density,8.260568225097657,0.7126346230506897
stormwater_density,8.296588144683838,0.7119896411895752
stormwater_density,8.332608064270019,0.7113443613052368
stormwater_density,8.368627983856202,0.7106988430023193
stormwater_density,8.404647903442385,0.7100529670715332
stormwater_density,8.440667823028564,0.709406852722168
stormwater_density,8.476687742614747,0.7087604999542236
stormwater_density,8.512707662200928,0.7081138491630554
stormwater_density,8.54872758178711,0.7074669003486633
stormwater_density,8.584747501373291,0.7068197727203369
stormwater_density,8.620767420959472,0.7061722874641418
stormwater_density,8.656787340545655,0.7055245637893677
stormwater_density,8.692807260131836,0.7048766016960144
stormwater_density,8.728827179718017,0.704228401184082
stormwater_density,8.7648470993042,0.7035799026489258
stormwater_density,8.800867018890381,0.7029311656951904
stormwater_density,8.836886938476564,0.702282190322876
stormwater_density,8.872906858062743,0.7016329169273376
stormwater_density,8.908926777648926,0.700983464717865
stormwater_density,8.944946697235109,0.7003337740898132
stormwater_density,8.98096661682129,0.6996837854385376
stormwater_density,9.01698653640747,0.6990335583686829
stormwater_density,9.053006455993652,0.6983831524848938
stormwater_density,9.089026375579834,0.6977325081825256
stormwater_density,9.125046295166015,0.6970815658569336
stormwater_density,9.161066214752198,0.696430504322052
stormwater_density,9.19708613433838,0.6957791447639465
stormwater_density,9.23310605392456,0.695127546787262
stormwater_density,9.269125973510745,0.6944757699966431
stormwater_density,9.305145893096926,0.6938237547874451
stormwater_density,9.341165812683103,0.6931715607643127
stormwater_density,9.377185732269288,0.6925190687179565
stormwater_density,9.413205651855469,0.6918664574623108
stormwater_density,9.449225571441652,0.6912136077880859
stormwater_density,9.485245491027833,0.690560519695282
stormwater_density,9.521265410614014,0.6899072527885437
stormwater_density,9.557285330200196,0.6892538070678711
stormwater_density,9.593305249786376,0.6886001229286194
stormwater_density,9.629325169372558,0.6879462599754333
stormwater_density,9.66534508895874,0.687292218208313
stormwater_density,9.701365008544922,0.6866379976272583
stormwater_density,9.737384928131103,0.6859835386276245
stormwater_density,9.773404847717286,0.6853289008140564
stormwater_density,9.809424767303469,0.6846741437911987
stormwater_density,9.84544468688965,0.684019148349762
stormwater_density,9.88146460647583,0.6833639740943909
stormwater_density,9.917484526062012,0.6827086210250854
stormwater_density,9.953504445648194,0.6820530891418457
stormwater_density,9.989524365234375,0.6813974380493164
stormwater_density,10.025544284820558,0.680741548538208
stormwater_density,10.061564204406736,0.6800855398178101
stormwater_density,10.09758412399292,0.6794293522834778
stormwater_density,10.133604043579105,0.6787729859352112
stormwater_density,10.169623963165284,0.678116500377655
stormwater_density,10.205643882751469,0.6774598360061646
stormwater_density,10.241663802337646,0.6768029928207397
stormwater_density,10.277683721923829,0.6761460304260254
stormwater_density,10.313703641510012,0.6754888892173767
stormwater_density,10.349723561096193,0.6748315691947937
stormwater_density,10.385743480682374,0.6741741895675659
stormwater_density,10.421763400268556,0.673516571521759
stormwater_density,10.457783319854736,0.6728588938713074
stormwater_density,10.49380323944092,0.6722010374069214
stormwater_density,10.5298231590271,0.6715430617332458
stormwater_density,10.565843078613282,0.6708849668502808
stormwater_density,10.601862998199463,0.6702266931533813
stormwater_density,10.637882917785646,0.6695683002471924
stormwater_density,10.673902837371829,0.6689097881317139
stormwater_density,10.709922756958008,0.6682511568069458
stormwater_density,10.74594267654419,0.6675924062728882
stormwater_density,10.781962596130372,0.666933536529541
stormwater_density,10.817982515716553,0.6662745475769043
stormwater_density,10.854002435302736,0.665615439414978
stormwater_density,10.890022354888917,0.6649562120437622
stormwater_density,10.9260422744751,0.6642968654632568
stormwater_density,10.96206219406128,0.6636374592781067
stormwater_density,10.99808211364746,0.6629778742790222
stormwater_density,11.034102033233644,0.662318229675293
stormwater_density,11.070121952819823,0.6616584658622742
stormwater_density,11.106141872406006,0.6609986424446106
stormwater_density,11.142161791992187,0.6603386998176575
stormwater_density,11.17818171157837,0.6596786379814148
stormwater_density,11.214201631164553,0.6590184569358826
stormwater_density,11.250221550750734,0.6583582758903503
stormwater_density,11.286241470336916,0.6576979160308838
stormwater_density,11.322261389923096,0.6570375561714172
stormwater_density,11.35828130950928,0.6563770771026611
stormwater_density,11.39430122909546,0.6557164788246155
stormwater_density,11.43032114868164,0.6550558805465698
stormwater_density,11.466341068267823,0.6543951034545898
stormwater_density,11.502360987854006,0.6537343263626099
stormwater_density,11.538380907440189,0.6530734896659851
stormwater_density,11.574400827026368,0.6524125337600708
stormwater_density,11.610420746612547,0.6517515182495117
stormwater_density,11.646440666198732,0.6510904431343079
stormwater_density,11.682460585784916,0.6504293084144592
stormwater_density,11.718480505371094,0.6497681140899658
stormwater_density,11.754500424957277,0.6491068601608276
stormwater_density,11.790520344543458,0.6484455466270447
stormwater_density,11.82654026412964,0.6477842330932617
stormwater_density,11.86256018371582,0.6471228003501892
stormwater_density,11.898580103302002,0.6464613080024719
stormwater_density,11.934600022888183,0.6457998156547546
stormwater_density,11.970619942474366,0.6451382637023926
stormwater_density,12.006639862060547,0.6444766521453857
stormwater_density,12.04265978164673,0.6438150405883789
stormwater_density,12.078679701232913,0.6431533098220825
stormwater_density,12.114699620819094,0.6424916386604309
stormwater_density,12.150719540405271,0.6418298482894897
stormwater_density,12.186739459991456,0.6411681175231934
stormwater_density,12.22275937957764,0.6405062675476074
stormwater_density,12.25877929916382,0.6398444175720215
stormwater_density,12.294799218750002,0.6391825675964355
stormwater_density,12.330819138336182,0.6385207176208496
stormwater_density,12.366839057922364,0.6378588080406189
stormwater_density,12.402858977508547,0.6371968984603882
stormwater_density,12.438878897094728,0.6365349292755127
stormwater_density,12.47489881668091,0.6358729600906372
stormwater_density,12.510918736267092,0.6352109909057617
stormwater_density,12.546938655853271,0.6345490217208862
stormwater_density,12.582958575439456,0.6338870525360107
stormwater_density,12.618978495025637,0.6332250237464905
stormwater_density,12.654998414611818,0.632563054561615
stormwater_density,12.691018334198,0.6319010257720947
stormwater_density,12.727038253784182,0.6312390565872192
stormwater_density,12.763058173370364,0.6305770874023438
stormwater_density,12.799078092956544,0.6299150586128235
stormwater_density,12.835098012542726,0.629253089427948
stormwater_density,12.871117932128907,0.6285911202430725
stormwater_density,12.907137851715088,0.627929151058197
stormwater_density,12.943157771301273,0.6272671818733215
stormwater_density,12.979177690887452,0.6266052722930908
stormwater_density,13.015197610473637,0.6259433627128601
stormwater_density,13.051217530059816,0.6252814531326294
stormwater_density,13.087237449645995,0.6246196031570435
stormwater_density,13.12325736923218,0.6239577531814575
stormwater_density,13.15927728881836,0.6232959032058716
stormwater_density,13.195297208404542,0.6226341128349304
stormwater_density,13.231317127990724,0.621972382068634
stormwater_density,13.267337047576904,0.6213106513023376
stormwater_density,13.303356967163088,0.6206489205360413
stormwater_density,13.33937688674927,0.6199873089790344
stormwater_density,13.37539680633545,0.6193256378173828
stormwater_density,13.411416725921631,0.6186640858650208
stormwater_density,13.447436645507814,0.6180025339126587
stormwater_density,13.483456565093997,0.6173410415649414
stormwater_density,13.519476484680176,0.6166796088218689
stormwater_density,13.55549640426636,0.6160181760787964
stormwater_density,13.591516323852542,0.6153568625450134
stormwater_density,13.627536243438724,0.6146955490112305
stormwater_density,13.663556163024904,0.6140342950820923
stormwater_density,13.699576082611086,0.6133731603622437
stormwater_density,13.735596002197267,0.612712025642395
stormwater_density,13.77161592178345,0.6120509505271912
stormwater_density,13.80763584136963,0.6113899350166321
stormwater_density,13.843655760955812,0.6107290387153625
stormwater_density,13.879675680541997,0.610068142414093
stormwater_density,13.915695600128176,0.609407365322113
stormwater_density,13.951715519714355,0.6087466478347778
stormwater_density,13.987735439300538,0.6080859899520874
stormwater_density,14.02375535888672,0.6074253916740417
stormwater_density,14.059775278472904,0.6067649126052856
stormwater_density,14.095795198059085,0.6061044931411743
stormwater_density,14.131815117645266,0.6054441332817078
stormwater_density,14.167835037231448,0.6047838926315308
stormwater_density,14.20385495681763,0.6041237115859985
stormwater_density,14.23987487640381,0.6034636497497559
stormwater_density,14.275894795989991,0.602803647518158
stormwater_density,14.311914715576174,0.6021437644958496
stormwater_density,14.347934635162355,0.601483941078186
stormwater_density,14.383954554748538,0.600824236869812
stormwater_density,14.41997447433472,0.6001645922660828
stormwater_density,14.4559943939209,0.5995050668716431
stormwater_density,14.492014313507084,0.5988456606864929
stormwater_density,14.528034233093264,0.5981863737106323
stormwater_density,14.564054152679445,0.5975271463394165
stormwater_density,14.60007407226563,0.5968680381774902
stormwater_density,14.636093991851808,0.5962090492248535
stormwater_density,14.672113911437991,0.5955501198768616
stormwater_density,14.708133831024172,0.594891369342804
stormwater_density,14.744153750610351,0.5942327380180359
stormwater_density,14.780173670196534,0.5935741662979126
stormwater_density,14.816193589782715,0.5929157733917236
stormwater_density,14.8522135093689,0.5922574400901794
stormwater_density,14.88823342895508,0.5915992856025696
stormwater_density,14.924253348541262,0.5909411907196045
stormwater_density,14.960273268127445,0.5902832746505737
stormwater_density,14.996293187713627,0.5896254777908325
stormwater_density,15.032313107299805,0.5894062519073486
stormwater_density,15.068333026885986,0.5894062519073486
stormwater_density,15.10435294647217,0.5894062519073486
stormwater_density,15.140372866058351,0.5894062519073486
stormwater_density,15.176392785644536,0.5894062519073486
stormwater_density,15.212412705230712,0.5894062519073486
stormwater_density,15.248432624816894,0.5894062519073486
stormwater_density,15.28445254440308,0.5894062519073486
stormwater_density,15.32047246398926,0.5894062519073486
stormwater_density,15.356492383575445,0.5894062519073486
stormwater_density,15.392512303161622,0.5894062519073486
stormwater_density,15.428532222747805,0.5894062519073486
stormwater_density,15.464552142333988,0.5894062519073486
stormwater_density,15.500572061920169,0.5894062519073486
stormwater_density,15.53659198150635,0.5894062519073486
stormwater_density,15.57261190109253,0.5894062519073486
stormwater_density,15.608631820678712,0.5894062519073486
stormwater_density,15.644651740264896,0.5894062519073486
stormwater_density,15.680671659851075,0.5894062519073486
stormwater_density,15.716691579437258,0.5894062519073486
stormwater_density,15.752711499023444,0.5894062519073486
stormwater_density,15.78873141860962,0.5894062519073486
stormwater_density,15.8247513381958,0.5894062519073486
stormwater_density,15.860771257781986,0.5894062519073486
stormwater_density,15.896791177368168,0.5894062519073486
stormwater_density,15.932811096954351,0.5894062519073486
stormwater_density,15.968831016540529,0.5894062519073486
stormwater_density,16.004850936126708,0.5894062519073486
stormwater_density,16.040870855712893,0.5894062519073486
stormwater_density,16.076890775299074,0.5894062519073486
stormwater_density,16.112910694885255,0.5894062519073486
stormwater_density,16.148930614471436,0.5894062519073486
stormwater_density,16.184950534057617,0.5894062519073486
stormwater_density,16.2209704536438,0.5894062519073486
stormwater_density,16.256990373229982,0.5894062519073486
stormwater_density,16.293010292816163,0.5894062519073486
stormwater_density,16.329030212402344,0.5894062519073486
stormwater_density,16.365050131988525,0.5894062519073486
stormwater_density,16.401070051574706,0.5894062519073486
stormwater_density,16.43708997116089,0.5894062519073486
stormwater_density,16.47310989074707,0.5894062519073486
stormwater_density,16.509129810333253,0.5894062519073486
twi,3.356557273864746,0.8360403776168823
twi,3.397883184814453,0.8360403776168823
twi,3.43920909576416,0.8360403776168823
twi,3.480535006713867,0.8360403776168823
twi,3.5218609176635742,0.8360403776168823
twi,3.563186828613281,0.8360403776168823
twi,3.604512739562988,0.8360403776168823
twi,3.645838650512695,0.8360403776168823
twi,3.6871645614624025,0.8360403776168823
twi,3.728490472412109,0.8360403776168823
twi,3.769816383361817,0.8360403776168823
twi,3.8111422943115234,0.8360403776168823
twi,3.8524682052612302,0.8360403776168823
twi,3.8937941162109375,0.8360403776168823
twi,3.935120027160645,0.8360403776168823
twi,3.976445938110352,0.8360403776168823
twi,4.0177718490600585,0.8360403776168823
twi,4.059097760009766,0.8360403776168823
twi,4.100423670959472,0.8360403776168823
twi,4.141749581909179,0.8360403776168823
twi,4.183075492858887,0.8360403776168823
twi,4.224401403808594,0.8360403776168823
twi,4.265727314758301,0.8360403776168823
twi,4.307053225708008,0.8360403776168823
twi,4.348379136657715,0.8360403776168823
twi,4.389705047607422,0.8360403776168823
twi,4.431030958557129,0.8360403776168823
twi,4.472356869506836,0.8360403776168823
twi,4.513682780456543,0.8360403776168823
twi,4.55500869140625,0.8360403776168823
twi,4.596334602355958,0.8360403776168823
twi,4.637660513305664,0.8360403776168823
twi,4.678986424255371,0.8360403776168823
twi,4.720312335205078,0.8360403776168823
twi,4.761638246154785,0.8360403776168823
twi,4.802964157104492,0.8360403776168823
twi,4.8442900680542,0.8360403776168823
twi,4.885615979003907,0.8360403776168823
twi,4.926941889953613,0.8360403776168823
twi,4.9682678009033205,0.8360403776168823
twi,5.009593711853027,0.8360403776168823
twi,5.050919622802734,0.8360403776168823
twi,5.0922455337524415,0.8359060883522034
twi,5.133571444702149,0.8355045318603516
twi,5.174897355651856,0.8351048827171326
twi,5.216223266601562,0.8347072601318359
twi,5.25754917755127,0.8343116641044617
twi,5.298875088500976,0.8339179754257202
twi,5.340200999450683,0.8335263133049011
twi,5.381526910400391,0.8331366777420044
twi,5.422852821350098,0.83274906873703
twi,5.464178732299805,0.8323634266853333
twi,5.505504643249512,0.8319798707962036
twi,5.546830554199219,0.8315982818603516
twi,5.588156465148926,0.8312187790870667
twi,5.629482376098633,0.8308413624763489
twi,5.67080828704834,0.8304659724235535
twi,5.712134197998047,0.8300926685333252
twi,5.753460108947754,0.8297214508056641
twi,5.794786019897462,0.8293522596359253
twi,5.836111930847169,0.8289852142333984
twi,5.877437841796875,0.8286202549934387
twi,5.918763752746582,0.8282574415206909
twi,5.960089663696289,0.8278967142105103
twi,6.001415574645996,0.8275380730628967
twi,6.042741485595704,0.8271816372871399
twi,6.084067396545411,0.8268272876739502
twi,6.125393307495117,0.8264750838279724
twi,6.1667192184448245,0.8261250257492065
twi,6.208045129394531,0.8257771134376526
twi,6.249371040344238,0.8254314064979553
twi,6.2906969512939455,0.82508784532547
twi,6.332022862243653,0.8247464299201965
twi,6.37334877319336,0.8244072794914246
twi,6.414674684143067,0.8240702748298645
twi,6.456000595092774,0.8237354755401611
twi,6.497326506042481,0.8234028816223145
twi,6.538652416992188,0.8230724334716797
twi,6.579978327941895,0.8227443099021912
twi,6.621304238891602,0.8224183320999146
twi,6.662630149841309,0.8220946192741394
twi,6.7039560607910165,0.821773111820221
twi,6.745281971740724,0.821453869342804
twi,6.786607882690429,0.8211368918418884
twi,6.8279337936401365,0.8208221197128296
twi,6.869259704589844,0.820509672164917
twi,6.910585615539551,0.8201994299888611
twi,6.951911526489258,0.8198915123939514
twi,6.993237437438966,0.8195858001708984
twi,7.034563348388672,0.8192824125289917
twi,7.075889259338379,0.8189813494682312
twi,7.117215170288087,0.8186824917793274
twi,7.158541081237793,0.8183860182762146
twi,7.1998669921875,0.8180918097496033
twi,7.241192903137207,0.8177999258041382
twi,7.282518814086915,0.8175103068351746
twi,7.323844725036622,0.817223072052002
twi,7.365170635986329,0.8169381022453308
twi,7.406496546936037,0.8166555166244507
twi,7.447822457885742,0.8163752555847168
twi,7.489148368835449,0.8160973191261292
twi,7.530474279785157,0.8158217668533325
twi,7.571800190734864,0.8155485391616821
twi,7.613126101684571,0.815277636051178
twi,7.654452012634277,0.8150091171264648
twi,7.695777923583986,0.8147429823875427
twi,7.737103834533691,0.8144791722297668
twi,7.778429745483399,0.814217746257782
twi,7.819755656433106,0.8139587640762329
twi,7.861081567382813,0.8137021064758301
twi,7.90240747833252,0.8134478330612183
twi,7.943733389282228,0.8131959438323975
twi,7.985059300231935,0.8129464983940125
twi,8.02638521118164,0.8126994371414185
twi,8.067711122131348,0.8124547600746155
twi,8.109037033081055,0.8122124671936035
twi,8.150362944030762,0.8119726181030273
twi,8.19168885498047,0.811735212802887
twi,8.233014765930177,0.8115001916885376
twi,8.274340676879882,0.811267614364624
twi,8.315666587829591,0.8110374808311462
twi,8.356992498779297,0.8108097314834595
twi,8.398318409729004,0.8105844855308533
twi,8.439644320678712,0.8103616237640381
twi,8.480970231628419,0.8101412057876587
twi,8.522296142578126,0.8099232912063599
twi,8.563622053527833,0.809707760810852
twi,8.60494796447754,0.8094947338104248
twi,8.646273875427246,0.8092841506004333
twi,8.687599786376953,0.8090760111808777
twi,8.72892569732666,0.8088703751564026
twi,8.770251608276368,0.8086671829223633
twi,8.811577519226075,0.8084664344787598
twi,8.852903430175783,0.8082681894302368
twi,8.894229341125488,0.8080724477767944
twi,8.935555252075195,0.8078791499137878
twi,8.976881163024903,0.8076883554458618
twi,9.01820707397461,0.8075000643730164
twi,9.059532984924315,0.8073142170906067
twi,9.100858895874024,0.8071309328079224
twi,9.142184806823732,0.8069500923156738
twi,9.183510717773435,0.8067717552185059
twi,9.224836628723146,0.8065959215164185
twi,9.266162539672852,0.8064225912094116
twi,9.30748845062256,0.8062518239021301
twi,9.348814361572266,0.8060835003852844
twi,9.390140272521974,0.8059177398681641
twi,9.43146618347168,0.8057544231414795
twi,9.472792094421388,0.805593729019165
twi,9.514118005371095,0.8054354786872864
twi,9.5554439163208,0.8052797913551331
twi,9.596769827270508,0.8051266074180603
twi,9.638095738220215,0.8049759268760681
twi,9.679421649169925,0.8048278093338013
twi,9.72074756011963,0.8046822547912598
twi,9.762073471069336,0.8045392036437988
twi,9.803399382019045,0.8043986558914185
twi,9.844725292968752,0.8042607307434082
twi,9.886051203918456,0.8041253089904785
twi,9.927377114868165,0.8039923906326294
twi,9.968703025817872,0.8038620352745056
twi,10.01002893676758,0.8037342429161072
twi,10.051354847717286,0.8036090135574341
twi,10.092680758666992,0.8034863471984863
twi,10.1340066696167,0.8033662438392639
twi,10.175332580566408,0.8032486438751221
twi,10.216658491516114,0.8031336069107056
twi,10.25798440246582,0.8030211925506592
twi,10.299310313415528,0.8029112815856934
twi,10.340636224365236,0.8028039336204529
twi,10.381962135314945,0.8026991486549377
twi,10.423288046264648,0.8025969862937927
twi,10.464613957214356,0.8024973273277283
twi,10.505939868164065,0.8024002909660339
twi,10.54726577911377,0.8023057579994202
twi,10.588591690063478,0.8022138476371765
twi,10.629917601013185,0.8021245002746582
twi,10.671243511962892,0.8020377159118652
twi,10.712569422912598,0.8019535541534424
twi,10.753895333862308,0.8018718957901001
twi,10.795221244812012,0.8017928600311279
twi,10.83654715576172,0.8017163872718811
twi,10.877873066711429,0.8016425371170044
twi,10.919198977661134,0.801571249961853
twi,10.96052488861084,0.801502525806427
twi,11.001850799560549,0.8014364242553711
twi,11.043176710510256,0.8013728857040405
twi,11.08450262145996,0.8013119101524353
twi,11.125828532409669,0.8012535572052002
twi,11.167154443359376,0.8011977672576904
twi,11.208480354309083,0.801144540309906
twi,11.24980626525879,0.8010939359664917
twi,11.291132176208498,0.8010459542274475
twi,11.332458087158203,0.8010005354881287
twi,11.373783998107912,0.8009576797485352
twi,11.415109909057618,0.8009174466133118
twi,11.456435820007329,0.8008798360824585
twi,11.497761730957032,0.8008447885513306
twi,11.53908764190674,0.800812304019928
twi,11.580413552856449,0.8007824420928955
twi,11.621739463806154,0.8007552027702332
twi,11.66306537475586,0.8007305264472961
twi,11.704391285705569,0.8007084727287292
twi,11.745717196655274,0.8006889820098877
twi,11.787043107604982,0.8006721138954163
twi,11.828369018554689,0.8006578087806702
twi,11.869694929504396,0.8006461262702942
twi,11.911020840454103,0.8006370067596436
twi,11.952346751403809,0.8006305694580078
twi,11.993672662353516,0.8006266355514526
twi,12.034998573303223,0.8006253242492676
twi,12.07632448425293,0.8006266355514526
twi,12.117650395202638,0.8006305694580078
twi,12.158976306152343,0.8006370663642883
twi,12.20030221710205,0.8006461262702942
twi,12.24162812805176,0.8006578087806702
twi,12.282954039001469,0.8006721138954163
twi,12.324279949951173,0.8006889820098877
twi,12.36560586090088,0.8007084727287292
twi,12.406931771850587,0.8007305860519409
twi,12.448257682800294,0.8007552623748779
twi,12.489583593750002,0.8007825016975403
twi,12.530909504699707,0.8008123636245728
twi,12.572235415649414,0.8008448481559753
twi,12.613561326599124,0.8008798956871033
twi,12.65488723754883,0.8009175062179565
twi,12.696213148498536,0.8009577393531799
twi,12.737539059448244,0.8010005950927734
twi,12.77886497039795,0.8010460138320923
twi,12.820190881347658,0.8010940551757812
twi,12.861516792297364,0.8011446595191956
twi,12.902842703247073,0.8011978268623352
twi,12.944168614196778,0.801253616809845
twi,12.985494525146486,0.8013120293617249
twi,13.026820436096196,0.8013729453086853
twi,13.0681463470459,0.8014364838600159
twi,13.109472257995607,0.8015026450157166
twi,13.150798168945316,0.8015713691711426
twi,13.19212407989502,0.801642656326294
twi,13.23344999084473,0.8017165660858154
twi,13.274775901794436,0.8017930388450623
twi,13.316101812744142,0.8018720746040344
twi,13.35742772369385,0.8019536733627319
twi,13.398753634643557,0.8020378947257996
twi,13.440079545593264,0.8021246790885925
twi,13.481405456542973,0.8022140264511108
twi,13.522731367492678,0.8023059368133545
twi,13.564057278442384,0.8024004101753235
twi,13.605383189392091,0.8024975061416626
twi,13.6467091003418,0.802597165107727
twi,13.688035011291506,0.8026993274688721
twi,13.729360922241211,0.8028041124343872
twi,13.77068683319092,0.8029114603996277
twi,13.812012744140626,0.8030213713645935
twi,13.853338655090337,0.8031338453292847
twi,13.894664566040042,0.8032488226890564
twi,13.935990476989748,0.8033664226531982
twi,13.977316387939457,0.8034865856170654
twi,14.01864229888916,0.8036092519760132
twi,14.05996820983887,0.8037344813346863
twi,14.101294120788577,0.8038622736930847
twi,14.142620031738282,0.8039926290512085
twi,14.18394594268799,0.8041254878044128
twi,14.225271853637697,0.8042609691619873
twi,14.266597764587404,0.8043988943099976
twi,14.307923675537111,0.8045394420623779
twi,14.34924958648682,0.8046824932098389
twi,14.390575497436524,0.8048280477523804
twi,14.431901408386231,0.804976224899292
twi,14.47322731933594,0.8051268458366394
twi,14.514553230285646,0.8052800297737122
twi,14.555879141235351,0.8054357171058655
twi,14.59720505218506,0.8055939674377441
twi,14.638530963134766,0.8057547211647034
twi,14.679856874084477,0.8059179782867432
twi,14.721182785034182,0.8060837984085083
twi,14.762508695983888,0.806252121925354
twi,14.803834606933597,0.8064228892326355
twi,14.845160517883302,0.8065962195396423
twi,14.88648642883301,0.8067720532417297
twi,14.927812339782715,0.8069503903388977
twi,14.969138250732424,0.8071312308311462
twi,15.01046416168213,0.8073145747184753
twi,15.051790072631835,0.8075003623962402
twi,15.093115983581546,0.8076887130737305
twi,15.134441894531252,0.8078795075416565
twi,15.17576780548096,0.8080728054046631
twi,15.217093716430666,0.8082685470581055
twi,15.258419627380372,0.8084667921066284
twi,15.29974553833008,0.8086675405502319
twi,15.341071449279788,0.8088707327842712
twi,15.382397360229492,0.8090763688087463
twi,15.4237232711792,0.809284508228302
twi,15.46504918212891,0.8094950914382935
twi,15.506375093078615,0.8097081184387207
twi,15.547701004028324,0.8099236488342285
twi,15.58902691497803,0.8101416230201721
twi,15.630352825927735,0.8103619813919067
twi,15.671678736877444,0.8105848431587219
twi,15.713004647827152,0.8108101487159729
twi,15.754330558776855,0.8110378384590149
twi,15.795656469726564,0.8112680315971375
twi,15.836982380676272,0.811500608921051
twi,15.87830829162598,0.8117356300354004
twi,15.919634202575686,0.8119730353355408
twi,15.960960113525394,0.8122128844261169
twi,16.002286024475097,0.8124551773071289
twi,16.043611935424806,0.8126998543739319
twi,16.084937846374515,0.8129469156265259
twi,16.12626375732422,0.8131964206695557
twi,16.167589668273926,0.8134482502937317
twi,16.208915579223635,0.8137025237083435
twi,16.25024149017334,0.8139591813087463
twi,16.29156740112305,0.8142182230949402
twi,16.332893312072756,0.814479649066925
twi,16.37421922302246,0.8147433996200562
twi,16.41554513397217,0.815009593963623
twi,16.456871044921876,0.8152781128883362
twi,16.498196955871585,0.8155489563941956
twi,16.53952286682129,0.815822184085846
twi,16.580848777770996,0.8160977959632874
twi,16.622174688720705,0.816375732421875
twi,16.66350059967041,0.8166559934616089
twi,16.70482651062012,0.8169386386871338
twi,16.746152421569825,0.8172235488891602
twi,16.787478332519534,0.8175108432769775
twi,16.82880424346924,0.8178004026412964
twi,16.870130154418945,0.8180922865867615
twi,16.911456065368654,0.8183864951133728
twi,16.95278197631836,0.8186830282211304
twi,16.99410788726807,0.8189818263053894
twi,17.035433798217774,0.8192829489707947
twi,17.07675970916748,0.8195863366127014
twi,17.11808562011719,0.8198919892311096
twi,17.159411531066898,0.8201999664306641
twi,17.200737442016603,0.82051020860672
twi,17.24206335296631,0.8208226561546326
twi,17.283389263916018,0.8211374282836914
twi,17.324715174865723,0.8214544057846069
twi,17.366041085815432,0.8217736482620239
twi,17.407366996765138,0.8220951557159424
twi,17.448692907714843,0.8224188685417175
twi,17.490018818664552,0.8227448463439941
twi,17.53134472961426,0.8230730295181274
twi,17.572670640563967,0.8234034180641174
twi,17.613996551513672,0.8237360119819641
twi,17.65532246246338,0.8240708112716675
twi,17.696648373413087,0.8244078159332275
twi,17.737974284362796,0.8247470259666443
twi,17.7793001953125,0.8250884413719177
twi,17.820626106262207,0.8254320025444031
twi,17.861952017211916,0.8257777094841003
twi,17.903277928161625,0.8261256217956543
twi,17.94460383911133,0.8264756798744202
twi,17.985929750061036,0.826827883720398
twi,18.027255661010745,0.8271822333335876
twi,18.06858157196045,0.8275386691093445
twi,18.10990748291016,0.827897310256958
twi,18.151233393859865,0.8282580375671387
twi,18.19255930480957,0.8286209106445312
twi,18.23388521575928,0.828985869884491
twi,18.275211126708985,0.8293529152870178
twi,18.31653703765869,0.8297221064567566
twi,18.3578629486084,0.8300933241844177
twi,18.39918885955811,0.830466628074646
twi,18.44051477050781,0.8308420181274414
twi,18.48184068145752,0.8312194347381592
twi,18.52316659240723,0.8315989375114441
twi,18.56449250335693,0.8319805264472961
twi,18.605818414306643,0.8323640823364258
twi,18.64714432525635,0.8327497243881226
twi,18.68847023620605,0.8331373333930969
twi,18.729796147155763,0.8335269689559937
twi,18.771122058105476,0.8339186906814575
twi,18.812447969055174,0.8343123197555542
twi,18.853773880004884,0.8347079753875732
twi,18.89509979095459,0.8351055979728699
twi,18.936425701904295,0.8355051875114441
twi,18.977751612854007,0.8359067440032959
twi,19.019077523803716,0.8363102674484253
twi,19.060403434753415,0.8367157578468323
twi,19.101729345703127,0.8371231555938721
twi,19.143055256652836,0.8375324606895447
twi,19.18438116760254,0.8379437327384949
twi,19.225707078552247,0.8383569121360779
twi,19.267032989501956,0.8387719392776489
twi,19.308358900451665,0.8391888737678528
twi,19.34968481140137,0.8396077156066895
twi,19.39101072235108,0.8400284647941589
twi,19.432336633300785,0.8404510021209717
twi,19.473662544250487,0.8408754467964172
twi,19.5149884552002,0.8413017392158508
twi,19.556314366149905,0.8417298197746277
twi,19.59764027709961,0.8421597480773926
twi,19.63896618804932,0.8425915241241455
twi,19.680292098999026,0.8430250287055969
twi,19.72161800994873,0.8434604406356812
twi,19.76294392089844,0.8438975214958191
twi,19.804269831848146,0.8443364500999451
twi,19.84559574279785,0.8447771072387695
twi,19.88692165374756,0.8452195525169373
twi,19.928247564697266,0.8456637263298035
twi,19.96957347564697,0.8461096286773682
twi,20.01089938659668,0.8465572595596313
twi,20.052225297546386,0.847006618976593
twi,20.09355120849609,0.8474576473236084
twi,20.1348771194458,0.8479103446006775
twi,20.17620303039551,0.8483647704124451
twi,20.21752894134521,0.8488208651542664
twi,20.258854852294924,0.8492785692214966
twi,20.30018076324463,0.8497380018234253
twi,20.34150667419433,0.8501989841461182
twi,20.382832585144044,0.8506616353988647
twi,20.42415849609375,0.8511258959770203
twi,20.46548440704346,0.8515917658805847
twi,20.506810317993168,0.8520591855049133
twi,20.54813622894287,0.8525282144546509
twi,20.58946213989258,0.8529987931251526
twi,20.630788050842284,0.8534709811210632
twi,20.672113961791997,0.8539446592330933
twi,20.713439872741706,0.8544198870658875
twi,20.754765783691408,0.854896605014801
twi,20.796091694641117,0.855374813079834
twi,20.83741760559082,0.8558545708656311
twi,20.878743516540528,0.8563358187675476
twi,20.92006942749024,0.856818437576294
twi,20.961395338439942,0.8573026061058044
twi,21.00272124938965,0.8577882051467896
twi,21.044047160339357,0.8582751750946045
twi,21.085373071289062,0.8587636351585388
twi,21.12669898223877,0.859253466129303
twi,21.16802489318848,0.859744668006897
twi,21.209350804138182,0.8602373003959656
twi,21.25067671508789,0.860731303691864
twi,21.2920026260376,0.8612265586853027
twi,21.333328536987302,0.8617232441902161
twi,21.37465444793701,0.8622212409973145
twi,21.41598035888672,0.8627205491065979
twi,21.457306269836423,0.8632211685180664
twi,21.49863218078613,0.8637230396270752
twi,21.53995809173584,0.864226222038269
twi,21.581284002685543,0.8647305965423584
twi,21.62260991363525,0.8652362823486328
twi,21.66393582458496,0.8657431602478027
twi,21.70526173553467,0.8662512302398682
twi,21.74658764648438,0.8667605519294739
twi,21.78791355743408,0.8672710657119751
twi,21.82923946838379,0.867782711982727
twi,21.8705653793335,0.8682954907417297
twi,21.911891290283204,0.8688094615936279
twi,21.953217201232917,0.8693245649337769
twi,21.99454311218262,0.8698407411575317
twi,22.035869023132324,0.8703580498695374
twi,22.077194934082037,0.8708764314651489
twi,22.11852084503174,0.8713958859443665
twi,22.159846755981448,0.8719164133071899
twi,22.201172666931157,0.8724379539489746
twi,22.242498577880863,0.8729605078697205
twi,22.283824488830568,0.8734841346740723
twi,22.325150399780277,0.8736588358879089
twi,22.366476310729983,0.8736588358879089
twi,22.407802221679688,0.8736588358879089
twi,22.4491281326294,0.8736588358879089
twi,22.490454043579103,0.8736588358879089
twi,22.531779954528808,0.8736588358879089
twi,22.57310586547852,0.8736588358879089
twi,22.614431776428223,0.8736588358879089
twi,22.65575768737793,0.8736588358879089
twi,22.69708359832764,0.8736588358879089
twi,22.738409509277343,0.8736588358879089
twi,22.77973542022705,0.8736588358879089
twi,22.82106133117676,0.8736588358879089
twi,22.862387242126463,0.8736588358879089
twi,22.903713153076176,0.8736588358879089
twi,22.94503906402588,0.8736588358879089
twi,22.986364974975587,0.8736588358879089
twi,23.02769088592529,0.8736588358879089
twi,23.069016796875,0.8736588358879089
twi,23.11034270782471,0.8736588358879089
twi,23.151668618774416,0.8736588358879089
twi,23.192994529724125,0.8736588358879089
twi,23.234320440673827,0.8736588358879089
twi,23.275646351623536,0.8736588358879089
twi,23.316972262573245,0.8736588358879089
twi,23.35829817352295,0.8736588358879089
twi,23.39962408447266,0.8736588358879089
twi,23.440949995422365,0.8736588358879089
twi,23.48227590637207,0.8736588358879089
twi,23.52360181732178,0.8736588358879089
twi,23.564927728271485,0.8736588358879089
twi,23.606253639221197,0.8736588358879089
twi,23.6475795501709,0.8736588358879089
twi,23.68890546112061,0.8736588358879089
twi,23.730231372070318,0.8736588358879089
twi,23.77155728302002,0.8736588358879089
twi,23.81288319396973,0.8736588358879089
twi,23.854209104919438,0.8736588358879089
twi,23.895535015869143,0.8736588358879089
twi,23.93686092681885,0.8736588358879089
twi,23.978186837768558,0.8736588358879089
twi,24.019512748718263,0.8736588358879089
